uploaded,name,id,clade,lineage,mrca,distance,location,collect_date,submit_date,authors,orig_lab,submit_lab
UPLOAD|hCoV-19/USA/FL-CDC-2-4912195/2021|EPI_ISL_4539516|2021-08-09,hCoV-19/USA/CA-CDC-ASC210206220/2021,EPI_ISL_3821127,GV,AY.2,3.0,3.0,North America / USA / California,2021-08-01,2021-08-31,"Dakota Howard,Dhwani Batra,Peter Cook,Kara Moser,Adrian Paskey,Jason Caravas,Benjamin Rambo-Martin,Shatavia Morrison,Christopher Gulvick,Scott Sammons,Yvette Unoarumhi,Darlene Wagner,Matthew Schmerer,Cyndi Clark,Patrick Campbell,Rob Case,Vikramsinha Ghorpade,Holly Houdeshell,Ola Kvalvaag,Dillon Nall,Ethan Sanders,Alec Vest,Shaun Westlund,Matthew Hardison,Clinton Paden,Duncan MacCannell",Aegis Sciences Corporation,"Centers for Disease Control and Prevention   Division of Viral Diseases, Pathogen Discovery"
UPLOAD|hCoV-19/USA/FL-CDC-2-4912195/2021|EPI_ISL_4539516|2021-08-09,hCoV-19/USA/CA-CDC-QDX27529138/2021,EPI_ISL_3823552,GK,AY.2,3.0,3.0,North America / USA / California,2021-08-03,2021-08-31,"Dakota Howard,Dhwani Batra,Peter Cook,Kara Moser,Adrian Paskey,Jason Caravas,Benjamin Rambo-Martin,Shatavia Morrison,Christopher Gulvick, Sammons,Scott ,Yvette Unoarumhi,Darlene Wagner,Matthew Schmerer,S. Rosenthal,A. Gerasimova,R. Kagan,B. Anderson,M. Hua,Y. Liu,L. Bernstein,K. Livingston,A. Perez,I. Shlyakhter,R. Rolando,R. Owen,P. Tanpaiboon,F. Lacbawan,Clinton Paden,Duncan MacCannell",Quest Diagnostics Incorporated,"Centers for Disease Control and Prevention   Division of Viral Diseases, Pathogen Discovery"
UPLOAD|hCoV-19/USA/FL-CDC-2-4912195/2021|EPI_ISL_4539516|2021-08-09,hCoV-19/USA/CA-CDC-ASC210185227/2021,EPI_ISL_3858324,GV,AY.2,3.0,3.0,North America / USA / California,2021-08-06,2021-09-01,"Dakota Howard,Dhwani Batra,Peter Cook,Kara Moser,Adrian Paskey,Jason Caravas,Benjamin Rambo-Martin,Shatavia Morrison,Christopher Gulvick,Scott Sammons,Yvette Unoarumhi,Darlene Wagner,Matthew Schmerer,Cyndi Clark,Patrick Campbell,Rob Case,Vikramsinha Ghorpade,Holly Houdeshell,Ola Kvalvaag,Dillon Nall,Ethan Sanders,Alec Vest,Shaun Westlund,Matthew Hardison,Clinton Paden,Duncan MacCannell",Aegis Sciences Corporation,"Centers for Disease Control and Prevention   Division of Viral Diseases, Pathogen Discovery"
UPLOAD|hCoV-19/USA/FL-CDC-2-4912195/2021|EPI_ISL_4539516|2021-08-09,hCoV-19/USA/CA-CDC-ASC210233780/2021,EPI_ISL_3844309,GK,AY.2,3.0,3.0,North America / USA / California,2021-07-28,2021-09-01,"Dakota Howard,Dhwani Batra,Peter Cook,Kara Moser,Adrian Paskey,Jason Caravas,Benjamin Rambo-Martin,Shatavia Morrison,Christopher Gulvick,Scott Sammons,Yvette Unoarumhi,Darlene Wagner,Matthew Schmerer,Cyndi Clark,Patrick Campbell,Rob Case,Vikramsinha Ghorpade,Holly Houdeshell,Ola Kvalvaag,Dillon Nall,Ethan Sanders,Alec Vest,Shaun Westlund,Matthew Hardison,Clinton Paden,Duncan MacCannell",Aegis Sciences Corporation,"Centers for Disease Control and Prevention   Division of Viral Diseases, Pathogen Discovery"
UPLOAD|hCoV-19/USA/FL-CDC-2-4912195/2021|EPI_ISL_4539516|2021-08-09,hCoV-19/USA/CA-CDC-ASC210231068/2021,EPI_ISL_3843198,G,AY.2,3.0,3.0,North America / USA / California,2021-07-27,2021-09-01,"Dakota Howard,Dhwani Batra,Peter Cook,Kara Moser,Adrian Paskey,Jason Caravas,Benjamin Rambo-Martin,Shatavia Morrison,Christopher Gulvick,Scott Sammons,Yvette Unoarumhi,Darlene Wagner,Matthew Schmerer,Cyndi Clark,Patrick Campbell,Rob Case,Vikramsinha Ghorpade,Holly Houdeshell,Ola Kvalvaag,Dillon Nall,Ethan Sanders,Alec Vest,Shaun Westlund,Matthew Hardison,Clinton Paden,Duncan MacCannell",Aegis Sciences Corporation,"Centers for Disease Control and Prevention   Division of Viral Diseases, Pathogen Discovery"
UPLOAD|hCoV-19/USA/FL-CDC-2-4912195/2021|EPI_ISL_4539516|2021-08-09,hCoV-19/USA/CA-CDC-ASC210274427/2021,EPI_ISL_4138883,GK,AY.2,3.0,3.0,North America / USA / California,2021-08-04,2021-09-13,"Dakota Howard,Dhwani Batra,Peter Cook,Kara Moser,Adrian Paskey,Jason Caravas,Benjamin Rambo-Martin,Shatavia Morrison,Christopher Gulvick,Scott Sammons,Yvette Unoarumhi,Darlene Wagner,Matthew Schmerer,Cyndi Clark,Patrick Campbell,Rob Case,Vikramsinha Ghorpade,Holly Houdeshell,Ola Kvalvaag,Dillon Nall,Ethan Sanders,Alec Vest,Shaun Westlund,Matthew Hardison,Clinton Paden,Duncan MacCannell",Aegis Sciences Corporation,"Centers for Disease Control and Prevention   Division of Viral Diseases, Pathogen Discovery"
UPLOAD|hCoV-19/USA/FL-CDC-2-4912195/2021|EPI_ISL_4539516|2021-08-09,hCoV-19/USA/PR-CDC-LC0231896/2021,EPI_ISL_4180217,GK,AY.2,3.0,3.0,North America / Puerto Rico,2021-08-19,2021-09-14,"Dakota Howard,Dhwani Batra,Peter Cook,Kara Moser,Adrian Paskey,Jason Caravas,Benjamin Rambo-Martin,Shatavia Morrison,Christopher Gulvick,Scott Sammons,Yvette Unoarumhi,Darlene Wagner,Matthew Schmerer,Minoo Agarwal,Eyad Almasri,Debbie Boles,Ayla Burns,Nuthawin Charoensri,Oren Cohen,Susan Countryman,Mary Cristobal,Bobbi Croy,Suzanne Dale,Hrushikesh Deshmukh,Amanda Douglas,Vincent Drouillon,Marcia Eisenberg,Howard Engler,Rama Ghatti,Prashant Gupta,Susan Hicks,Jake Humphrey,Lax Iyer,Lisa Pfefferle,Manoj Jain,Matthew Robinson,Mohan Kolli,Brian Krueger,Tim Kuphal,Stanley Letovsky,Michael Levandoski,Craig Lukasik,Jonathan Meltzer,Brian Norvell,Mindy Nye,Scott Parker,Christos Petropoulos,John Pruitt,Steven Ragan,Scott Ryan,Mike Sapeta,Jana Schroth,Suresh Selvaraju,Goran Stevovic,Amanda Suchanek,Andrea Throop,Lyndon Tilson,Thomas Urban,Joe Voshell,Kimberly Wagner,Jonathan Williams,Mary Williamson,Qian Zeng,Tricia Zwiefelhofer,Clinton Paden,Duncan MacCannell",Laboratory Corporation of America,"Centers for Disease Control and Prevention   Division of Viral Diseases, Pathogen Discovery"
UPLOAD|hCoV-19/USA/FL-CDC-2-4912195/2021|EPI_ISL_4539516|2021-08-09,hCoV-19/USA/CA-CDC-2-4850152/2021,EPI_ISL_4201366,GK,AY.2,3.0,4.0,North America / USA / California,2021-08-16,2021-09-15,"Mili Sheth,Sarah Nobles,Jasmine Padilla,Alex Burgin,Meghan Bentz,Mark Burroughs,Peter Cook,Clinton Paden,Dhwani Batra,Krista Queen,Kristen Knipe,Dakota Howard,Yvette Unoarumhi,Matthew Schmerer,Ben Rambo-Martin,Kristine Lacek,Sam Shepard,Dave Wentworth,Vivien Dugan,Suxiang Tong,Justin Lee","""CDPH, Viral and Rickettsial Disease Laboratory""","Centers for Disease Control and Prevention   Division of Viral Diseases, Pathogen Discovery"
UPLOAD|hCoV-19/USA/FL-CDC-2-4912195/2021|EPI_ISL_4539516|2021-08-09,hCoV-19/USA/CA-CDC-ASC210244874/2021,EPI_ISL_3817821,GK,AY.2,3.0,4.0,North America / USA / California,2021-07-24,2021-08-31,"Dakota Howard,Dhwani Batra,Peter Cook,Kara Moser,Adrian Paskey,Jason Caravas,Benjamin Rambo-Martin,Shatavia Morrison,Christopher Gulvick,Scott Sammons,Yvette Unoarumhi,Darlene Wagner,Matthew Schmerer,Cyndi Clark,Patrick Campbell,Rob Case,Vikramsinha Ghorpade,Holly Houdeshell,Ola Kvalvaag,Dillon Nall,Ethan Sanders,Alec Vest,Shaun Westlund,Matthew Hardison,Clinton Paden,Duncan MacCannell",Aegis Sciences Corporation,"Centers for Disease Control and Prevention   Division of Viral Diseases, Pathogen Discovery"
UPLOAD|hCoV-19/USA/FL-CDC-2-4912195/2021|EPI_ISL_4539516|2021-08-09,hCoV-19/USA/CA-CDC-ASC210185080/2021,EPI_ISL_3863953,GK,AY.2,3.0,4.0,North America / USA / California,2021-08-06,2021-09-01,"Dakota Howard,Dhwani Batra,Peter Cook,Kara Moser,Adrian Paskey,Jason Caravas,Benjamin Rambo-Martin,Shatavia Morrison,Christopher Gulvick,Scott Sammons,Yvette Unoarumhi,Darlene Wagner,Matthew Schmerer,Cyndi Clark,Patrick Campbell,Rob Case,Vikramsinha Ghorpade,Holly Houdeshell,Ola Kvalvaag,Dillon Nall,Ethan Sanders,Alec Vest,Shaun Westlund,Matthew Hardison,Clinton Paden,Duncan MacCannell",Aegis Sciences Corporation,"Centers for Disease Control and Prevention   Division of Viral Diseases, Pathogen Discovery"
UPLOAD|hCoV-19/USA/FL-CDC-2-4912195/2021|EPI_ISL_4539516|2021-08-09,hCoV-19/USA/CA-CDC-LC0148925/2021,EPI_ISL_3519608,GK,AY.2,3.0,4.0,North America / USA / California,2021-07-20,2021-08-20,"Dakota Howard,Dhwani Batra,Peter Cook,Kara Moser,Adrian Paskey,Jason Caravas,Benjamin Rambo-Martin,Shatavia Morrison,Christopher Gulvick,Scott Sammons,Yvette Unoarumhi,Darlene Wagner,Matthew Schmerer,Minoo Agarwal,Eyad Almasri,Debbie Boles,Ayla Burns,Nuthawin Charoensri,Oren Cohen,Susan Countryman,Mary Cristobal,Bobbi Croy,Suzanne Dale,Hrushikesh Deshmukh,Amanda Douglas,Vincent Drouillon,Marcia Eisenberg,Howard Engler,Rama Ghatti,Prashant Gupta,Susan Hicks,Jake Humphrey,Lax Iyer,Lisa Pfefferle,Manoj Jain,Matthew Robinson,Mohan Kolli,Brian Krueger,Tim Kuphal,Stanley Letovsky,Michael Levandoski,Craig Lukasik,Jonathan Meltzer,Brian Norvell,Mindy Nye,Scott Parker,Christos Petropoulos,John Pruitt,Steven Ragan,Scott Ryan,Mike Sapeta,Jana Schroth,Suresh Selvaraju,Goran Stevovic,Amanda Suchanek,Andrea Throop,Lyndon Tilson,Thomas Urban,Joe Voshell,Kimberly Wagner,Jonathan Williams,Mary Williamson,Qian Zeng,Tricia Zwiefelhofer,Clinton Paden,Duncan MacCannell",Laboratory Corporation of America,"Centers for Disease Control and Prevention   Division of Viral Diseases, Pathogen Discovery"
UPLOAD|hCoV-19/USA/FL-CDC-2-4912195/2021|EPI_ISL_4539516|2021-08-09,hCoV-19/USA/CA-CDC-ASC210186910/2021,EPI_ISL_3859640,GV,AY.2,3.0,4.0,North America / USA / California,2021-08-07,2021-09-01,"Dakota Howard,Dhwani Batra,Peter Cook,Kara Moser,Adrian Paskey,Jason Caravas,Benjamin Rambo-Martin,Shatavia Morrison,Christopher Gulvick,Scott Sammons,Yvette Unoarumhi,Darlene Wagner,Matthew Schmerer,Cyndi Clark,Patrick Campbell,Rob Case,Vikramsinha Ghorpade,Holly Houdeshell,Ola Kvalvaag,Dillon Nall,Ethan Sanders,Alec Vest,Shaun Westlund,Matthew Hardison,Clinton Paden,Duncan MacCannell",Aegis Sciences Corporation,"Centers for Disease Control and Prevention   Division of Viral Diseases, Pathogen Discovery"
UPLOAD|hCoV-19/USA/FL-CDC-2-4912195/2021|EPI_ISL_4539516|2021-08-09,hCoV-19/USA/CA-SEARCH-47361/2021,EPI_ISL_3937050,GK,AY.2,3.0,4.0,North America / USA / California / San Diego,2021-08-12,2021-09-03,"David Pride, Sharon Reed, Chip Schooley, Angela Scioscia, Natasha Martin Cheryl Anderson, Sawyer Farmer, Abigail Schnapper, Helena Tubb, Tommy Valles + SEARCH",EXCITE Lab,Andersen lab at Scripps Research
UPLOAD|hCoV-19/USA/FL-CDC-2-4912195/2021|EPI_ISL_4539516|2021-08-09,hCoV-19/USA/HI-H213922/2021,EPI_ISL_4345658,GK,AY.2,3.0,4.0,North America / USA / Hawaii / Honolulu County,2021-08-19,2021-09-20,"Pamela O'Brien, Drew Kuwazaki, Ayana Garnet, Daniel Strange, Razvan Sultana, Edward Desmond","State Laboratories Division, Hawaii State Department of Health","State Laboratories Division, Hawaii State Department of Health"
UPLOAD|hCoV-19/USA/FL-CDC-2-4912195/2021|EPI_ISL_4539516|2021-08-09,hCoV-19/USA/CA-CDC-FG-095210/2021,EPI_ISL_4022101,GK,AY.2,3.0,4.0,North America / USA / California,2021-08-19,2021-09-08,"Dakota Howard,Dhwani Batra,Peter Cook,Kara Moser,Adrian Paskey,Jason Caravas,Benjamin Rambo-Martin,Shatavia Morrison,Christopher Gulvick,Scott Sammons,Yvette Unoarumhi,Darlene Wagner,Matthew Schmerer,Harry Gao,Mickey Li,John Gao,Joseph Fierro,Benafsh Sapra,Becky Tsai,Yan Meng,Doreen Ng,James Xie,Clinton Paden,Duncan MacCannell",Fulgent Genetics,"Centers for Disease Control and Prevention   Division of Viral Diseases, Pathogen Discovery"
UPLOAD|hCoV-19/USA/FL-CDC-2-4912195/2021|EPI_ISL_4539516|2021-08-09,hCoV-19/USA/CA-CDC-FG-099918/2021,EPI_ISL_4027251,GK,AY.2,3.0,4.0,North America / USA / California,2021-08-23,2021-09-08,"Dakota Howard,Dhwani Batra,Peter Cook,Kara Moser,Adrian Paskey,Jason Caravas,Benjamin Rambo-Martin,Shatavia Morrison,Christopher Gulvick,Scott Sammons,Yvette Unoarumhi,Darlene Wagner,Matthew Schmerer,Harry Gao,Mickey Li,John Gao,Joseph Fierro,Benafsh Sapra,Becky Tsai,Yan Meng,Doreen Ng,James Xie,Clinton Paden,Duncan MacCannell",Fulgent Genetics,"Centers for Disease Control and Prevention   Division of Viral Diseases, Pathogen Discovery"
UPLOAD|hCoV-19/USA/FL-CDC-2-4912195/2021|EPI_ISL_4539516|2021-08-09,hCoV-19/USA/CA-CDC-FG-092595/2021,EPI_ISL_4034604,GK,AY.2,3.0,5.0,North America / USA / California,2021-08-19,2021-09-08,"Dakota Howard,Dhwani Batra,Peter Cook,Kara Moser,Adrian Paskey,Jason Caravas,Benjamin Rambo-Martin,Shatavia Morrison,Christopher Gulvick,Scott Sammons,Yvette Unoarumhi,Darlene Wagner,Matthew Schmerer,Harry Gao,Mickey Li,John Gao,Joseph Fierro,Benafsh Sapra,Becky Tsai,Yan Meng,Doreen Ng,James Xie,Clinton Paden,Duncan MacCannell",Fulgent Genetics,"Centers for Disease Control and Prevention   Division of Viral Diseases, Pathogen Discovery"
UPLOAD|hCoV-19/USA/FL-CDC-2-4912195/2021|EPI_ISL_4539516|2021-08-09,hCoV-19/USA/AR-CDC-ASC210239626/2021,EPI_ISL_3855526,GK,AY.2,3.0,5.0,North America / USA / Arkansas,2021-08-03,2021-09-01,"Dakota Howard,Dhwani Batra,Peter Cook,Kara Moser,Adrian Paskey,Jason Caravas,Benjamin Rambo-Martin,Shatavia Morrison,Christopher Gulvick,Scott Sammons,Yvette Unoarumhi,Darlene Wagner,Matthew Schmerer,Cyndi Clark,Patrick Campbell,Rob Case,Vikramsinha Ghorpade,Holly Houdeshell,Ola Kvalvaag,Dillon Nall,Ethan Sanders,Alec Vest,Shaun Westlund,Matthew Hardison,Clinton Paden,Duncan MacCannell",Aegis Sciences Corporation,"Centers for Disease Control and Prevention   Division of Viral Diseases, Pathogen Discovery"
UPLOAD|hCoV-19/USA/FL-CDC-2-4912195/2021|EPI_ISL_4539516|2021-08-09,hCoV-19/USA/CA-CDC-ASC210274420/2021,EPI_ISL_4138877,GK,AY.2,3.0,5.0,North America / USA / California,2021-08-04,2021-09-13,"Dakota Howard,Dhwani Batra,Peter Cook,Kara Moser,Adrian Paskey,Jason Caravas,Benjamin Rambo-Martin,Shatavia Morrison,Christopher Gulvick,Scott Sammons,Yvette Unoarumhi,Darlene Wagner,Matthew Schmerer,Cyndi Clark,Patrick Campbell,Rob Case,Vikramsinha Ghorpade,Holly Houdeshell,Ola Kvalvaag,Dillon Nall,Ethan Sanders,Alec Vest,Shaun Westlund,Matthew Hardison,Clinton Paden,Duncan MacCannell",Aegis Sciences Corporation,"Centers for Disease Control and Prevention   Division of Viral Diseases, Pathogen Discovery"
UPLOAD|hCoV-19/USA/FL-CDC-2-4912195/2021|EPI_ISL_4539516|2021-08-09,hCoV-19/USA/CA-CDC-FG-101076/2021,EPI_ISL_4026763,GK,AY.2,3.0,5.0,North America / USA / California,2021-08-24,2021-09-08,"Dakota Howard,Dhwani Batra,Peter Cook,Kara Moser,Adrian Paskey,Jason Caravas,Benjamin Rambo-Martin,Shatavia Morrison,Christopher Gulvick,Scott Sammons,Yvette Unoarumhi,Darlene Wagner,Matthew Schmerer,Harry Gao,Mickey Li,John Gao,Joseph Fierro,Benafsh Sapra,Becky Tsai,Yan Meng,Doreen Ng,James Xie,Clinton Paden,Duncan MacCannell",Fulgent Genetics,"Centers for Disease Control and Prevention   Division of Viral Diseases, Pathogen Discovery"
UPLOAD|hCoV-19/USA/FL-CDC-2-4912195/2021|EPI_ISL_4539516|2021-08-09,hCoV-19/USA/CA-CDC-ASC210234439/2021,EPI_ISL_3844623,GK,AY.2,3.0,6.0,North America / USA / California,2021-07-29,2021-09-01,"Dakota Howard,Dhwani Batra,Peter Cook,Kara Moser,Adrian Paskey,Jason Caravas,Benjamin Rambo-Martin,Shatavia Morrison,Christopher Gulvick,Scott Sammons,Yvette Unoarumhi,Darlene Wagner,Matthew Schmerer,Cyndi Clark,Patrick Campbell,Rob Case,Vikramsinha Ghorpade,Holly Houdeshell,Ola Kvalvaag,Dillon Nall,Ethan Sanders,Alec Vest,Shaun Westlund,Matthew Hardison,Clinton Paden,Duncan MacCannell",Aegis Sciences Corporation,"Centers for Disease Control and Prevention   Division of Viral Diseases, Pathogen Discovery"
UPLOAD|hCoV-19/USA/FL-CDC-2-4912195/2021|EPI_ISL_4539516|2021-08-09,hCoV-19/USA/CA-CDC-FG-102687/2021,EPI_ISL_4027108,GK,AY.2,3.0,6.0,North America / USA / California,2021-08-24,2021-09-08,"Dakota Howard,Dhwani Batra,Peter Cook,Kara Moser,Adrian Paskey,Jason Caravas,Benjamin Rambo-Martin,Shatavia Morrison,Christopher Gulvick,Scott Sammons,Yvette Unoarumhi,Darlene Wagner,Matthew Schmerer,Harry Gao,Mickey Li,John Gao,Joseph Fierro,Benafsh Sapra,Becky Tsai,Yan Meng,Doreen Ng,James Xie,Clinton Paden,Duncan MacCannell",Fulgent Genetics,"Centers for Disease Control and Prevention   Division of Viral Diseases, Pathogen Discovery"
UPLOAD|hCoV-19/USA/FL-CDC-2-4912195/2021|EPI_ISL_4539516|2021-08-09,hCoV-19/USA/CA-CDC-FG-098704/2021,EPI_ISL_4166751,GK,AY.2,3.0,6.0,North America / USA / California,2021-08-21,2021-09-14,"Dakota Howard,Dhwani Batra,Peter Cook,Kara Moser,Adrian Paskey,Jason Caravas,Benjamin Rambo-Martin,Shatavia Morrison,Christopher Gulvick,Scott Sammons,Yvette Unoarumhi,Darlene Wagner,Matthew Schmerer,Harry Gao,Mickey Li,John Gao,Joseph Fierro,Benafsh Sapra,Becky Tsai,Yan Meng,Doreen Ng,James Xie,Clinton Paden,Duncan MacCannell",Fulgent Genetics,"Centers for Disease Control and Prevention   Division of Viral Diseases, Pathogen Discovery"
UPLOAD|hCoV-19/USA/FL-CDC-2-4912195/2021|EPI_ISL_4539516|2021-08-09,hCoV-19/USA/CA-CDC-ASC210273475/2021,EPI_ISL_3857994,GK,AY.2,3.0,6.0,North America / USA / California,2021-08-05,2021-09-01,"Dakota Howard,Dhwani Batra,Peter Cook,Kara Moser,Adrian Paskey,Jason Caravas,Benjamin Rambo-Martin,Shatavia Morrison,Christopher Gulvick,Scott Sammons,Yvette Unoarumhi,Darlene Wagner,Matthew Schmerer,Cyndi Clark,Patrick Campbell,Rob Case,Vikramsinha Ghorpade,Holly Houdeshell,Ola Kvalvaag,Dillon Nall,Ethan Sanders,Alec Vest,Shaun Westlund,Matthew Hardison,Clinton Paden,Duncan MacCannell",Aegis Sciences Corporation,"Centers for Disease Control and Prevention   Division of Viral Diseases, Pathogen Discovery"
UPLOAD|hCoV-19/USA/FL-CDC-2-4912195/2021|EPI_ISL_4539516|2021-08-09,hCoV-19/USA/CA-CDC-FG-095087/2021,EPI_ISL_4022017,GK,AY.2,3.0,6.0,North America / USA / California,2021-08-20,2021-09-08,"Dakota Howard,Dhwani Batra,Peter Cook,Kara Moser,Adrian Paskey,Jason Caravas,Benjamin Rambo-Martin,Shatavia Morrison,Christopher Gulvick,Scott Sammons,Yvette Unoarumhi,Darlene Wagner,Matthew Schmerer,Harry Gao,Mickey Li,John Gao,Joseph Fierro,Benafsh Sapra,Becky Tsai,Yan Meng,Doreen Ng,James Xie,Clinton Paden,Duncan MacCannell",Fulgent Genetics,"Centers for Disease Control and Prevention   Division of Viral Diseases, Pathogen Discovery"
UPLOAD|hCoV-19/USA/FL-CDC-2-4912195/2021|EPI_ISL_4539516|2021-08-09,hCoV-19/USA/CA-CDC-ASC210206986/2021,EPI_ISL_3822094,GK,AY.2,3.0,7.0,North America / USA / California,2021-08-02,2021-08-31,"Dakota Howard,Dhwani Batra,Peter Cook,Kara Moser,Adrian Paskey,Jason Caravas,Benjamin Rambo-Martin,Shatavia Morrison,Christopher Gulvick,Scott Sammons,Yvette Unoarumhi,Darlene Wagner,Matthew Schmerer,Cyndi Clark,Patrick Campbell,Rob Case,Vikramsinha Ghorpade,Holly Houdeshell,Ola Kvalvaag,Dillon Nall,Ethan Sanders,Alec Vest,Shaun Westlund,Matthew Hardison,Clinton Paden,Duncan MacCannell",Aegis Sciences Corporation,"Centers for Disease Control and Prevention   Division of Viral Diseases, Pathogen Discovery"
