uploaded,name,id,clade,lineage,mrca,distance,location,collect_date,submit_date,authors,orig_lab,submit_lab
UPLOAD|hCoV-19/USA/FL-BPHL-7525/2021|EPI_ISL_4549385|2021-07-20,hCoV-19/USA/FL-BPHL-5905/2021,EPI_ISL_3902995,GK,AY.2,3.0,4.0,North America / USA / Florida,2021-08-06,2021-09-02,"Sarah Schmedes, Jiaqi Li, Namratha Tarigopula, Jason Blanton",Florida Bureau of Public Health Laboratories,Florida Bureau of Public Health Laboratories
UPLOAD|hCoV-19/USA/FL-BPHL-7525/2021|EPI_ISL_4549385|2021-07-20,hCoV-19/USA/CA-LACPHL-AF02236/2021,EPI_ISL_3943609,GK,AY.2,3.0,4.0,North America / USA / California / Los Angeles County,2021-06-23,2021-09-04,P. Hemarajata et al.,Olive View Medical Center,Los Angeles County Public Health Laboratories
UPLOAD|hCoV-19/USA/FL-BPHL-7525/2021|EPI_ISL_4549385|2021-07-20,hCoV-19/USA/FL-CDC-ASC210244185/2021,EPI_ISL_3813684,GK,AY.2,3.0,4.0,North America / USA / Florida,2021-07-23,2021-08-31,"Dakota Howard,Dhwani Batra,Peter Cook,Kara Moser,Adrian Paskey,Jason Caravas,Benjamin Rambo-Martin,Shatavia Morrison,Christopher Gulvick,Scott Sammons,Yvette Unoarumhi,Darlene Wagner,Matthew Schmerer,Cyndi Clark,Patrick Campbell,Rob Case,Vikramsinha Ghorpade,Holly Houdeshell,Ola Kvalvaag,Dillon Nall,Ethan Sanders,Alec Vest,Shaun Westlund,Matthew Hardison,Clinton Paden,Duncan MacCannell",Aegis Sciences Corporation,"Centers for Disease Control and Prevention   Division of Viral Diseases, Pathogen Discovery"
UPLOAD|hCoV-19/USA/FL-BPHL-7525/2021|EPI_ISL_4549385|2021-07-20,hCoV-19/USA/FL-CDC-ASC210234699/2021,EPI_ISL_3846218,GK,AY.2,3.0,4.0,North America / USA / Florida,2021-07-29,2021-09-01,"Dakota Howard,Dhwani Batra,Peter Cook,Kara Moser,Adrian Paskey,Jason Caravas,Benjamin Rambo-Martin,Shatavia Morrison,Christopher Gulvick,Scott Sammons,Yvette Unoarumhi,Darlene Wagner,Matthew Schmerer,Cyndi Clark,Patrick Campbell,Rob Case,Vikramsinha Ghorpade,Holly Houdeshell,Ola Kvalvaag,Dillon Nall,Ethan Sanders,Alec Vest,Shaun Westlund,Matthew Hardison,Clinton Paden,Duncan MacCannell",Aegis Sciences Corporation,"Centers for Disease Control and Prevention   Division of Viral Diseases, Pathogen Discovery"
UPLOAD|hCoV-19/USA/FL-BPHL-7525/2021|EPI_ISL_4549385|2021-07-20,hCoV-19/USA/FL-CDC-QDX26718923/2021,EPI_ISL_4187433,GK,AY.2,3.0,4.0,North America / USA / Florida,2021-07-11,2021-09-14,"Dakota Howard,Dhwani Batra,Peter Cook,Jason Caravas,Benjamin Rambo-Martin,Scott Sammons,Yvette Unoarumhi,Matthew Schmerer,Kristine Lacek,Tymeckia Kendall,Victoria Caban Figueroa,Shatavia Morrison,Christopher Gulvick,Erisa Sula,S. Rosenthal,A. Gerasimova,R. Kagan,B. Anderson,M. Hua,Y. Liu,L. Bernstein,K. Livingston,A. Perez,I. Shlyakhter,R. Rolando,R. Owen,P. Tanpaiboon,F. Lacbawan,Clinton Paden,Duncan MacCannell",Quest Diagnostics Incorporated,"Centers for Disease Control and Prevention   Division of Viral Diseases, Pathogen Discovery"
UPLOAD|hCoV-19/USA/FL-BPHL-7525/2021|EPI_ISL_4549385|2021-07-20,hCoV-19/USA/MT-FYR-194/2021,EPI_ISL_4221757,GK,AY.2,3.0,5.0,North America / USA / Montana,2021-08-19,2021-09-15,"Blohm, Tre; Ghai, Vikas",FYR Diagnostics,FYR Diagnostics
UPLOAD|hCoV-19/USA/FL-BPHL-7525/2021|EPI_ISL_4549385|2021-07-20,hCoV-19/USA/FL-BPHL-5887/2021,EPI_ISL_3902977,GK,AY.2,3.0,5.0,North America / USA / Florida,2021-08-05,2021-09-02,"Sarah Schmedes, Jiaqi Li, Namratha Tarigopula, Jason Blanton",Florida Bureau of Public Health Laboratories,Florida Bureau of Public Health Laboratories
UPLOAD|hCoV-19/USA/FL-BPHL-7525/2021|EPI_ISL_4549385|2021-07-20,hCoV-19/USA/FL-BPHL-5886/2021,EPI_ISL_3902976,GK,AY.2,3.0,7.0,North America / USA / Florida,2021-08-05,2021-09-02,"Sarah Schmedes, Jiaqi Li, Namratha Tarigopula, Jason Blanton",Florida Bureau of Public Health Laboratories,Florida Bureau of Public Health Laboratories
UPLOAD|hCoV-19/USA/FL-BPHL-7525/2021|EPI_ISL_4549385|2021-07-20,hCoV-19/USA/FL-CDC-LC0242746/2021,EPI_ISL_4334027,GK,AY.2,3.0,8.0,North America / USA / Florida,2021-08-29,2021-09-20,"Dakota Howard,Dhwani Batra,Peter Cook,Jason Caravas,Benjamin Rambo-Martin,Scott Sammons,Yvette Unoarumhi,Matthew Schmerer,Kristine Lacek,Tymeckia Kendall,Victoria Caban Figueroa,Shatavia Morrison,Christopher Gulvick,Minoo Agarwal,Eyad Almasri,Debbie Boles,Ayla Burns,Nuthawin Charoensri,Oren Cohen,Susan Countryman,Mary Cristobal,Bobbi Croy,Suzanne Dale,Hrushikesh Deshmukh,Amanda Douglas,Vincent Drouillon,Marcia Eisenberg,Howard Engler,Rama Ghatti,Prashant Gupta,Susan Hicks,Jake Humphrey,Lax Iyer,Lisa Pfefferle,Manoj Jain,Matthew Robinson,Mohan Kolli,Brian Krueger,Tim Kuphal,Stanley Letovsky,Michael Levandoski,Craig Lukasik,Jonathan Meltzer,Brian Norvell,Mindy Nye,Scott Parker,Christos Petropoulos,John Pruitt,Steven Ragan,Scott Ryan,Mike Sapeta,Jana Schroth,Suresh Selvaraju,Goran Stevovic,Amanda Suchanek,Andrea Throop,Lyndon Tilson,Thomas Urban,Joe Voshell,Kimberly Wagner,Jonathan Williams,Mary Williamson,Qian Zeng,Tricia Zwiefelhofer,Clinton Paden,Duncan MacCannell",Laboratory Corporation of America,"Centers for Disease Control and Prevention   Division of Viral Diseases, Pathogen Discovery"
UPLOAD|hCoV-19/USA/FL-BPHL-7525/2021|EPI_ISL_4549385|2021-07-20,hCoV-19/USA/CA-CDC-ASC210109278/2021,EPI_ISL_2785345,GK,AY.2,4.0,5.0,North America / USA / California,2021-06-13,2021-07-02,"Dakota Howard, Dhwani Batra, Peter W. Cook, Kara Moser, Adrian Paskey, Jason Caravas, Benjamin Rambo-Martin, Shatavia Morrison, Christopher Gulvick, Scott Sammons, Yvette Unoarumhi, Darlene Wagner, Matthew Schmerer, Cyndi Clark, Patrick Campbell, Rob Case, Vikramsinha Ghorpade, Holly Houdeshell, Ola Kvalvaag, Dillon Nall, Ethan Sanders, Alec Vest, Shaun Westlund, Matthew Hardison, Clinton R. Paden, Duncan MacCannell",Aegis Sciences Corporation,"Centers for Disease Control and Prevention   Division of Viral Diseases, Pathogen Discovery"
