uploaded,name,id,clade,lineage,mrca,distance,location,collect_date,submit_date,authors,orig_lab,submit_lab
UPLOAD|hCoV-19/USA/FL-Miami-1207/2021|EPI_ISL_4563168|2021-07,hCoV-19/USA/UT-UPHL-210820215287/2021,EPI_ISL_3833521,GV,AY.12,9.0,16.0,North America / USA / Utah,2021-08-10,2021-09-01,"Erin L. Young, Kelly F. Oakeson, Pooja Gupta, Olinto Linares-Perdomo",Utah Public Health Laboratory,Utah Public Health Laboratory
UPLOAD|hCoV-19/USA/FL-Miami-1207/2021|EPI_ISL_4563168|2021-07,hCoV-19/USA/CA-CDC-ASC210245597/2021,EPI_ISL_3816112,GK,AY.2,11.0,13.0,North America / USA / California,2021-07-24,2021-08-31,"Dakota Howard,Dhwani Batra,Peter Cook,Kara Moser,Adrian Paskey,Jason Caravas,Benjamin Rambo-Martin,Shatavia Morrison,Christopher Gulvick,Scott Sammons,Yvette Unoarumhi,Darlene Wagner,Matthew Schmerer,Cyndi Clark,Patrick Campbell,Rob Case,Vikramsinha Ghorpade,Holly Houdeshell,Ola Kvalvaag,Dillon Nall,Ethan Sanders,Alec Vest,Shaun Westlund,Matthew Hardison,Clinton Paden,Duncan MacCannell",Aegis Sciences Corporation,"Centers for Disease Control and Prevention   Division of Viral Diseases, Pathogen Discovery"
UPLOAD|hCoV-19/USA/FL-Miami-1207/2021|EPI_ISL_4563168|2021-07,hCoV-19/USA/TX-CDC-ASC210244595/2021,EPI_ISL_3818325,GK,AY.2,11.0,14.0,North America / USA / Texas,2021-07-24,2021-08-31,"Dakota Howard,Dhwani Batra,Peter Cook,Kara Moser,Adrian Paskey,Jason Caravas,Benjamin Rambo-Martin,Shatavia Morrison,Christopher Gulvick,Scott Sammons,Yvette Unoarumhi,Darlene Wagner,Matthew Schmerer,Cyndi Clark,Patrick Campbell,Rob Case,Vikramsinha Ghorpade,Holly Houdeshell,Ola Kvalvaag,Dillon Nall,Ethan Sanders,Alec Vest,Shaun Westlund,Matthew Hardison,Clinton Paden,Duncan MacCannell",Aegis Sciences Corporation,"Centers for Disease Control and Prevention   Division of Viral Diseases, Pathogen Discovery"
UPLOAD|hCoV-19/USA/FL-Miami-1207/2021|EPI_ISL_4563168|2021-07,hCoV-19/USA/TX-CDC-QDX26718489/2021,EPI_ISL_4187842,GK,AY.2,11.0,15.0,North America / USA / Texas,2021-07-10,2021-09-14,"Dakota Howard,Dhwani Batra,Peter Cook,Jason Caravas,Benjamin Rambo-Martin,Scott Sammons,Yvette Unoarumhi,Matthew Schmerer,Kristine Lacek,Tymeckia Kendall,Victoria Caban Figueroa,Shatavia Morrison,Christopher Gulvick,Erisa Sula,S. Rosenthal,A. Gerasimova,R. Kagan,B. Anderson,M. Hua,Y. Liu,L. Bernstein,K. Livingston,A. Perez,I. Shlyakhter,R. Rolando,R. Owen,P. Tanpaiboon,F. Lacbawan,Clinton Paden,Duncan MacCannell",Quest Diagnostics Incorporated,"Centers for Disease Control and Prevention   Division of Viral Diseases, Pathogen Discovery"
UPLOAD|hCoV-19/USA/FL-Miami-1207/2021|EPI_ISL_4563168|2021-07,hCoV-19/USA/UT-UPHL-210701710460/2021,EPI_ISL_2857381,GK,AY.2,11.0,15.0,North America / USA / Utah,2021-06-23,2021-07-08,"Olinto Linares-Perdomo, Erin L. Young, Kelly F. Oakeson, Tara Gallagher",Utah Public Health Laboratory,Utah Public Health Laboratory
UPLOAD|hCoV-19/USA/FL-Miami-1207/2021|EPI_ISL_4563168|2021-07,hCoV-19/USA/TX-CDC-QDX25890813/2021,EPI_ISL_2871764,GK,AY.2,11.0,15.0,North America / USA / Texas,2021-06-13,2021-07-09,"Dakota Howard, Dhwani Batra, Peter W. Cook, Kara Moser, Adrian Paskey, Jason Caravas, Benjamin Rambo-Martin, Shatavia Morrison, Christopher Gulvick, Scott Sammons, Yvette Unoarumhi, Darlene Wagner, Matthew Schmerer, S. H. Rosenthal, A. Gerasimova, R. M. Kagan, B. Anderson, M. Hua, Y. Liu, L.E. Bernstein, K.E. Livingston, A. Perez, I. A. Shlyakhter, R. V. Rolando, R. Owen, P. Tanpaiboon, F. Lacbawan, Clinton R. Paden, Duncan MacCannell",Quest Diagnostics Incorporated,"Centers for Disease Control and Prevention   Division of Viral Diseases, Pathogen Discovery"
UPLOAD|hCoV-19/USA/FL-Miami-1207/2021|EPI_ISL_4563168|2021-07,hCoV-19/USA/TX-CDC-QDX25847816/2021,EPI_ISL_2871627,GK,AY.2,11.0,15.0,North America / USA / Texas,2021-06-10,2021-07-09,"Dakota Howard, Dhwani Batra, Peter W. Cook, Kara Moser, Adrian Paskey, Jason Caravas, Benjamin Rambo-Martin, Shatavia Morrison, Christopher Gulvick, Scott Sammons, Yvette Unoarumhi, Darlene Wagner, Matthew Schmerer, S. H. Rosenthal, A. Gerasimova, R. M. Kagan, B. Anderson, M. Hua, Y. Liu, L.E. Bernstein, K.E. Livingston, A. Perez, I. A. Shlyakhter, R. V. Rolando, R. Owen, P. Tanpaiboon, F. Lacbawan, Clinton R. Paden, Duncan MacCannell",Quest Diagnostics Incorporated,"Centers for Disease Control and Prevention   Division of Viral Diseases, Pathogen Discovery"
UPLOAD|hCoV-19/USA/FL-Miami-1207/2021|EPI_ISL_4563168|2021-07,hCoV-19/USA/CA-CDC-QDX26075422/2021,EPI_ISL_2869587,GK,AY.2,11.0,15.0,North America / USA / California,2021-06-17,2021-07-09,"Dakota Howard, Dhwani Batra, Peter W. Cook, Kara Moser, Adrian Paskey, Jason Caravas, Benjamin Rambo-Martin, Shatavia Morrison, Christopher Gulvick, Scott Sammons, Yvette Unoarumhi, Darlene Wagner, Matthew Schmerer, S. H. Rosenthal, A. Gerasimova, R. M. Kagan, B. Anderson, M. Hua, Y. Liu, L.E. Bernstein, K.E. Livingston, A. Perez, I. A. Shlyakhter, R. V. Rolando, R. Owen, P. Tanpaiboon, F. Lacbawan, Clinton R. Paden, Duncan MacCannell",Quest Diagnostics Incorporated,"Centers for Disease Control and Prevention   Division of Viral Diseases, Pathogen Discovery"
UPLOAD|hCoV-19/USA/FL-Miami-1207/2021|EPI_ISL_4563168|2021-07,hCoV-19/USA/CA-CDC-QDX26075414/2021,EPI_ISL_2869337,GK,AY.2,11.0,15.0,North America / USA / California,2021-06-17,2021-07-09,"Dakota Howard, Dhwani Batra, Peter W. Cook, Kara Moser, Adrian Paskey, Jason Caravas, Benjamin Rambo-Martin, Shatavia Morrison, Christopher Gulvick, Scott Sammons, Yvette Unoarumhi, Darlene Wagner, Matthew Schmerer, S. H. Rosenthal, A. Gerasimova, R. M. Kagan, B. Anderson, M. Hua, Y. Liu, L.E. Bernstein, K.E. Livingston, A. Perez, I. A. Shlyakhter, R. V. Rolando, R. Owen, P. Tanpaiboon, F. Lacbawan, Clinton R. Paden, Duncan MacCannell",Quest Diagnostics Incorporated,"Centers for Disease Control and Prevention   Division of Viral Diseases, Pathogen Discovery"
UPLOAD|hCoV-19/USA/FL-Miami-1207/2021|EPI_ISL_4563168|2021-07,hCoV-19/USA/CA-CDC-QDX26075424/2021,EPI_ISL_2869243,GK,AY.2,11.0,15.0,North America / USA / California,2021-06-17,2021-07-09,"Dakota Howard, Dhwani Batra, Peter W. Cook, Kara Moser, Adrian Paskey, Jason Caravas, Benjamin Rambo-Martin, Shatavia Morrison, Christopher Gulvick, Scott Sammons, Yvette Unoarumhi, Darlene Wagner, Matthew Schmerer, S. H. Rosenthal, A. Gerasimova, R. M. Kagan, B. Anderson, M. Hua, Y. Liu, L.E. Bernstein, K.E. Livingston, A. Perez, I. A. Shlyakhter, R. V. Rolando, R. Owen, P. Tanpaiboon, F. Lacbawan, Clinton R. Paden, Duncan MacCannell",Quest Diagnostics Incorporated,"Centers for Disease Control and Prevention   Division of Viral Diseases, Pathogen Discovery"
UPLOAD|hCoV-19/USA/FL-Miami-1207/2021|EPI_ISL_4563168|2021-07,hCoV-19/USA/NV-CDC-QDX26116146/2021,EPI_ISL_2869620,GK,AY.2,11.0,15.0,North America / USA / Nevada,2021-06-22,2021-07-09,"Dakota Howard, Dhwani Batra, Peter W. Cook, Kara Moser, Adrian Paskey, Jason Caravas, Benjamin Rambo-Martin, Shatavia Morrison, Christopher Gulvick, Scott Sammons, Yvette Unoarumhi, Darlene Wagner, Matthew Schmerer, S. H. Rosenthal, A. Gerasimova, R. M. Kagan, B. Anderson, M. Hua, Y. Liu, L.E. Bernstein, K.E. Livingston, A. Perez, I. A. Shlyakhter, R. V. Rolando, R. Owen, P. Tanpaiboon, F. Lacbawan, Clinton R. Paden, Duncan MacCannell",Quest Diagnostics Incorporated,"Centers for Disease Control and Prevention   Division of Viral Diseases, Pathogen Discovery"
UPLOAD|hCoV-19/USA/FL-Miami-1207/2021|EPI_ISL_4563168|2021-07,hCoV-19/USA/NV-CDC-QDX26116163/2021,EPI_ISL_2869616,GK,AY.2,11.0,15.0,North America / USA / Nevada,2021-06-22,2021-07-09,"Dakota Howard, Dhwani Batra, Peter W. Cook, Kara Moser, Adrian Paskey, Jason Caravas, Benjamin Rambo-Martin, Shatavia Morrison, Christopher Gulvick, Scott Sammons, Yvette Unoarumhi, Darlene Wagner, Matthew Schmerer, S. H. Rosenthal, A. Gerasimova, R. M. Kagan, B. Anderson, M. Hua, Y. Liu, L.E. Bernstein, K.E. Livingston, A. Perez, I. A. Shlyakhter, R. V. Rolando, R. Owen, P. Tanpaiboon, F. Lacbawan, Clinton R. Paden, Duncan MacCannell",Quest Diagnostics Incorporated,"Centers for Disease Control and Prevention   Division of Viral Diseases, Pathogen Discovery"
UPLOAD|hCoV-19/USA/FL-Miami-1207/2021|EPI_ISL_4563168|2021-07,hCoV-19/USA/MO-CDC-QDX26116093/2021,EPI_ISL_2869443,GK,AY.2,11.0,15.0,North America / USA / Missouri,2021-06-20,2021-07-09,"Dakota Howard, Dhwani Batra, Peter W. Cook, Kara Moser, Adrian Paskey, Jason Caravas, Benjamin Rambo-Martin, Shatavia Morrison, Christopher Gulvick, Scott Sammons, Yvette Unoarumhi, Darlene Wagner, Matthew Schmerer, S. H. Rosenthal, A. Gerasimova, R. M. Kagan, B. Anderson, M. Hua, Y. Liu, L.E. Bernstein, K.E. Livingston, A. Perez, I. A. Shlyakhter, R. V. Rolando, R. Owen, P. Tanpaiboon, F. Lacbawan, Clinton R. Paden, Duncan MacCannell",Quest Diagnostics Incorporated,"Centers for Disease Control and Prevention   Division of Viral Diseases, Pathogen Discovery"
UPLOAD|hCoV-19/USA/FL-Miami-1207/2021|EPI_ISL_4563168|2021-07,hCoV-19/USA/NV-CDC-QDX26032422/2021,EPI_ISL_2869018,GK,AY.2,11.0,15.0,North America / USA / Nevada,2021-06-18,2021-07-09,"Dakota Howard, Dhwani Batra, Peter W. Cook, Kara Moser, Adrian Paskey, Jason Caravas, Benjamin Rambo-Martin, Shatavia Morrison, Christopher Gulvick, Scott Sammons, Yvette Unoarumhi, Darlene Wagner, Matthew Schmerer, S. H. Rosenthal, A. Gerasimova, R. M. Kagan, B. Anderson, M. Hua, Y. Liu, L.E. Bernstein, K.E. Livingston, A. Perez, I. A. Shlyakhter, R. V. Rolando, R. Owen, P. Tanpaiboon, F. Lacbawan, Clinton R. Paden, Duncan MacCannell",Quest Diagnostics Incorporated,"Centers for Disease Control and Prevention   Division of Viral Diseases, Pathogen Discovery"
UPLOAD|hCoV-19/USA/FL-Miami-1207/2021|EPI_ISL_4563168|2021-07,hCoV-19/USA/NV-CDC-QDX26075904/2021,EPI_ISL_2869201,GK,AY.2,11.0,15.0,North America / USA / Nevada,2021-06-22,2021-07-09,"Dakota Howard, Dhwani Batra, Peter W. Cook, Kara Moser, Adrian Paskey, Jason Caravas, Benjamin Rambo-Martin, Shatavia Morrison, Christopher Gulvick, Scott Sammons, Yvette Unoarumhi, Darlene Wagner, Matthew Schmerer, S. H. Rosenthal, A. Gerasimova, R. M. Kagan, B. Anderson, M. Hua, Y. Liu, L.E. Bernstein, K.E. Livingston, A. Perez, I. A. Shlyakhter, R. V. Rolando, R. Owen, P. Tanpaiboon, F. Lacbawan, Clinton R. Paden, Duncan MacCannell",Quest Diagnostics Incorporated,"Centers for Disease Control and Prevention   Division of Viral Diseases, Pathogen Discovery"
UPLOAD|hCoV-19/USA/FL-Miami-1207/2021|EPI_ISL_4563168|2021-07,hCoV-19/USA/NV-CDC-QDX26215116/2021,EPI_ISL_2874869,GK,AY.2,11.0,15.0,North America / USA / Nevada,2021-06-24,2021-07-09,"Dakota Howard, Dhwani Batra, Peter W. Cook, Kara Moser, Adrian Paskey, Jason Caravas, Benjamin Rambo-Martin, Shatavia Morrison, Christopher Gulvick, Scott Sammons, Yvette Unoarumhi, Darlene Wagner, Matthew Schmerer, S. H. Rosenthal, A. Gerasimova, R. M. Kagan, B. Anderson, M. Hua, Y. Liu, L.E. Bernstein, K.E. Livingston, A. Perez, I. A. Shlyakhter, R. V. Rolando, R. Owen, P. Tanpaiboon, F. Lacbawan, Clinton R. Paden, Duncan MacCannell",Quest Diagnostics Incorporated,"Centers for Disease Control and Prevention   Division of Viral Diseases, Pathogen Discovery"
UPLOAD|hCoV-19/USA/FL-Miami-1207/2021|EPI_ISL_4563168|2021-07,hCoV-19/USA/NV-CDC-QDX26215154/2021,EPI_ISL_2874727,GK,AY.2,11.0,15.0,North America / USA / Nevada,2021-06-24,2021-07-09,"Dakota Howard, Dhwani Batra, Peter W. Cook, Kara Moser, Adrian Paskey, Jason Caravas, Benjamin Rambo-Martin, Shatavia Morrison, Christopher Gulvick, Scott Sammons, Yvette Unoarumhi, Darlene Wagner, Matthew Schmerer, S. H. Rosenthal, A. Gerasimova, R. M. Kagan, B. Anderson, M. Hua, Y. Liu, L.E. Bernstein, K.E. Livingston, A. Perez, I. A. Shlyakhter, R. V. Rolando, R. Owen, P. Tanpaiboon, F. Lacbawan, Clinton R. Paden, Duncan MacCannell",Quest Diagnostics Incorporated,"Centers for Disease Control and Prevention   Division of Viral Diseases, Pathogen Discovery"
UPLOAD|hCoV-19/USA/FL-Miami-1207/2021|EPI_ISL_4563168|2021-07,hCoV-19/USA/NV-CDC-QDX26215242/2021,EPI_ISL_2874420,GK,AY.2,11.0,15.0,North America / USA / Nevada,2021-06-24,2021-07-09,"Dakota Howard, Dhwani Batra, Peter W. Cook, Kara Moser, Adrian Paskey, Jason Caravas, Benjamin Rambo-Martin, Shatavia Morrison, Christopher Gulvick, Scott Sammons, Yvette Unoarumhi, Darlene Wagner, Matthew Schmerer, S. H. Rosenthal, A. Gerasimova, R. M. Kagan, B. Anderson, M. Hua, Y. Liu, L.E. Bernstein, K.E. Livingston, A. Perez, I. A. Shlyakhter, R. V. Rolando, R. Owen, P. Tanpaiboon, F. Lacbawan, Clinton R. Paden, Duncan MacCannell",Quest Diagnostics Incorporated,"Centers for Disease Control and Prevention   Division of Viral Diseases, Pathogen Discovery"
UPLOAD|hCoV-19/USA/FL-Miami-1207/2021|EPI_ISL_4563168|2021-07,hCoV-19/USA/NV-CDC-QDX26215452/2021,EPI_ISL_2874540,GK,AY.2,11.0,15.0,North America / USA / Nevada,2021-06-26,2021-07-09,"Dakota Howard, Dhwani Batra, Peter W. Cook, Kara Moser, Adrian Paskey, Jason Caravas, Benjamin Rambo-Martin, Shatavia Morrison, Christopher Gulvick, Scott Sammons, Yvette Unoarumhi, Darlene Wagner, Matthew Schmerer, S. H. Rosenthal, A. Gerasimova, R. M. Kagan, B. Anderson, M. Hua, Y. Liu, L.E. Bernstein, K.E. Livingston, A. Perez, I. A. Shlyakhter, R. V. Rolando, R. Owen, P. Tanpaiboon, F. Lacbawan, Clinton R. Paden, Duncan MacCannell",Quest Diagnostics Incorporated,"Centers for Disease Control and Prevention   Division of Viral Diseases, Pathogen Discovery"
UPLOAD|hCoV-19/USA/FL-Miami-1207/2021|EPI_ISL_4563168|2021-07,hCoV-19/USA/NV-CDC-QDX26215236/2021,EPI_ISL_2874422,GK,AY.2,11.0,15.0,North America / USA / Nevada,2021-06-24,2021-07-09,"Dakota Howard, Dhwani Batra, Peter W. Cook, Kara Moser, Adrian Paskey, Jason Caravas, Benjamin Rambo-Martin, Shatavia Morrison, Christopher Gulvick, Scott Sammons, Yvette Unoarumhi, Darlene Wagner, Matthew Schmerer, S. H. Rosenthal, A. Gerasimova, R. M. Kagan, B. Anderson, M. Hua, Y. Liu, L.E. Bernstein, K.E. Livingston, A. Perez, I. A. Shlyakhter, R. V. Rolando, R. Owen, P. Tanpaiboon, F. Lacbawan, Clinton R. Paden, Duncan MacCannell",Quest Diagnostics Incorporated,"Centers for Disease Control and Prevention   Division of Viral Diseases, Pathogen Discovery"
UPLOAD|hCoV-19/USA/FL-Miami-1207/2021|EPI_ISL_4563168|2021-07,hCoV-19/USA/NV-CDC-QDX26257777/2021,EPI_ISL_2874795,GK,AY.2,11.0,15.0,North America / USA / Nevada,2021-06-28,2021-07-09,"Dakota Howard, Dhwani Batra, Peter W. Cook, Kara Moser, Adrian Paskey, Jason Caravas, Benjamin Rambo-Martin, Shatavia Morrison, Christopher Gulvick, Scott Sammons, Yvette Unoarumhi, Darlene Wagner, Matthew Schmerer, S. H. Rosenthal, A. Gerasimova, R. M. Kagan, B. Anderson, M. Hua, Y. Liu, L.E. Bernstein, K.E. Livingston, A. Perez, I. A. Shlyakhter, R. V. Rolando, R. Owen, P. Tanpaiboon, F. Lacbawan, Clinton R. Paden, Duncan MacCannell",Quest Diagnostics Incorporated,"Centers for Disease Control and Prevention   Division of Viral Diseases, Pathogen Discovery"
UPLOAD|hCoV-19/USA/FL-Miami-1207/2021|EPI_ISL_4563168|2021-07,hCoV-19/USA/NV-CDC-QDX26215410/2021,EPI_ISL_2874593,GK,AY.2,11.0,15.0,North America / USA / Nevada,2021-06-26,2021-07-09,"Dakota Howard, Dhwani Batra, Peter W. Cook, Kara Moser, Adrian Paskey, Jason Caravas, Benjamin Rambo-Martin, Shatavia Morrison, Christopher Gulvick, Scott Sammons, Yvette Unoarumhi, Darlene Wagner, Matthew Schmerer, S. H. Rosenthal, A. Gerasimova, R. M. Kagan, B. Anderson, M. Hua, Y. Liu, L.E. Bernstein, K.E. Livingston, A. Perez, I. A. Shlyakhter, R. V. Rolando, R. Owen, P. Tanpaiboon, F. Lacbawan, Clinton R. Paden, Duncan MacCannell",Quest Diagnostics Incorporated,"Centers for Disease Control and Prevention   Division of Viral Diseases, Pathogen Discovery"
UPLOAD|hCoV-19/USA/FL-Miami-1207/2021|EPI_ISL_4563168|2021-07,hCoV-19/USA/NV-CDC-QDX26215177/2021,EPI_ISL_2874311,GK,AY.2,11.0,15.0,North America / USA / Nevada,2021-06-24,2021-07-09,"Dakota Howard, Dhwani Batra, Peter W. Cook, Kara Moser, Adrian Paskey, Jason Caravas, Benjamin Rambo-Martin, Shatavia Morrison, Christopher Gulvick, Scott Sammons, Yvette Unoarumhi, Darlene Wagner, Matthew Schmerer, S. H. Rosenthal, A. Gerasimova, R. M. Kagan, B. Anderson, M. Hua, Y. Liu, L.E. Bernstein, K.E. Livingston, A. Perez, I. A. Shlyakhter, R. V. Rolando, R. Owen, P. Tanpaiboon, F. Lacbawan, Clinton R. Paden, Duncan MacCannell",Quest Diagnostics Incorporated,"Centers for Disease Control and Prevention   Division of Viral Diseases, Pathogen Discovery"
UPLOAD|hCoV-19/USA/FL-Miami-1207/2021|EPI_ISL_4563168|2021-07,hCoV-19/USA/NV-CDC-LC0083597/2021,EPI_ISL_2926893,GK,AY.2,11.0,15.0,North America / USA / Nevada,2021-06-25,2021-07-13,"Dakota Howard, Dhwani Batra, Peter W. Cook, Kara Moser, Adrian Paskey, Jason Caravas, Benjamin Rambo-Martin, Shatavia Morrison, Christopher Gulvick, Scott Sammons, Yvette Unoarumhi, Darlene Wagner, Matthew Schmerer, Minoo Agarwal, Eyad Almasri, Debbie Boles, Ayla Burns, Nuthawin Charoensri, Oren Cohen, Susan Countryman, Mary Ann Cristobal, Bobbi Croy, Suzanne Dale, Hrushikesh Deshmukh, Amanda Douglas, Vincent Drouillon, Marcia Eisenberg, Howard Engler, Rama Ghatti, Prashant Gupta, Susan Hicks, Jake Humphrey, Lax Iyer, Lisa Pfefferle, Manoj Jain, Matthew Robinson, Mohan Kolli, Brian Krueger, Tim Kuphal, Stanley Letovsky, Michael Levandoski, Craig Lukasik, Jonathan Meltzer, Brian Norvell, Mindy Nye, Scott Parker, Christos Petropoulos, John Pruitt, Steven Ragan, Scott Ryan, Mike Sapeta, Jana Schroth, Suresh Babu Selvaraju, Goran Stevovic, Amanda Suchanek, Andrea Throop, Lyndon Tilson, Thomas Urban, Joe Voshell, Kimberly Wagner, Jonathan Williams, Mary Williamson, Qian Zeng, Tricia Zwiefelhofer, Clinton R. Paden, Duncan MacCannell",Laboratory Corporation of America,"Centers for Disease Control and Prevention   Division of Viral Diseases, Pathogen Discovery"
UPLOAD|hCoV-19/USA/FL-Miami-1207/2021|EPI_ISL_4563168|2021-07,hCoV-19/USA/NV-CDC-LC0086002/2021,EPI_ISL_2927036,GK,AY.2,11.0,15.0,North America / USA / Nevada,2021-06-26,2021-07-13,"Dakota Howard, Dhwani Batra, Peter W. Cook, Kara Moser, Adrian Paskey, Jason Caravas, Benjamin Rambo-Martin, Shatavia Morrison, Christopher Gulvick, Scott Sammons, Yvette Unoarumhi, Darlene Wagner, Matthew Schmerer, Minoo Agarwal, Eyad Almasri, Debbie Boles, Ayla Burns, Nuthawin Charoensri, Oren Cohen, Susan Countryman, Mary Ann Cristobal, Bobbi Croy, Suzanne Dale, Hrushikesh Deshmukh, Amanda Douglas, Vincent Drouillon, Marcia Eisenberg, Howard Engler, Rama Ghatti, Prashant Gupta, Susan Hicks, Jake Humphrey, Lax Iyer, Lisa Pfefferle, Manoj Jain, Matthew Robinson, Mohan Kolli, Brian Krueger, Tim Kuphal, Stanley Letovsky, Michael Levandoski, Craig Lukasik, Jonathan Meltzer, Brian Norvell, Mindy Nye, Scott Parker, Christos Petropoulos, John Pruitt, Steven Ragan, Scott Ryan, Mike Sapeta, Jana Schroth, Suresh Babu Selvaraju, Goran Stevovic, Amanda Suchanek, Andrea Throop, Lyndon Tilson, Thomas Urban, Joe Voshell, Kimberly Wagner, Jonathan Williams, Mary Williamson, Qian Zeng, Tricia Zwiefelhofer, Clinton R. Paden, Duncan MacCannell",Laboratory Corporation of America,"Centers for Disease Control and Prevention   Division of Viral Diseases, Pathogen Discovery"
UPLOAD|hCoV-19/USA/FL-Miami-1207/2021|EPI_ISL_4563168|2021-07,hCoV-19/USA/NV-CDC-LC0083714/2021,EPI_ISL_2926805,GK,AY.2,11.0,15.0,North America / USA / Nevada,2021-06-23,2021-07-13,"Dakota Howard, Dhwani Batra, Peter W. Cook, Kara Moser, Adrian Paskey, Jason Caravas, Benjamin Rambo-Martin, Shatavia Morrison, Christopher Gulvick, Scott Sammons, Yvette Unoarumhi, Darlene Wagner, Matthew Schmerer, Minoo Agarwal, Eyad Almasri, Debbie Boles, Ayla Burns, Nuthawin Charoensri, Oren Cohen, Susan Countryman, Mary Ann Cristobal, Bobbi Croy, Suzanne Dale, Hrushikesh Deshmukh, Amanda Douglas, Vincent Drouillon, Marcia Eisenberg, Howard Engler, Rama Ghatti, Prashant Gupta, Susan Hicks, Jake Humphrey, Lax Iyer, Lisa Pfefferle, Manoj Jain, Matthew Robinson, Mohan Kolli, Brian Krueger, Tim Kuphal, Stanley Letovsky, Michael Levandoski, Craig Lukasik, Jonathan Meltzer, Brian Norvell, Mindy Nye, Scott Parker, Christos Petropoulos, John Pruitt, Steven Ragan, Scott Ryan, Mike Sapeta, Jana Schroth, Suresh Babu Selvaraju, Goran Stevovic, Amanda Suchanek, Andrea Throop, Lyndon Tilson, Thomas Urban, Joe Voshell, Kimberly Wagner, Jonathan Williams, Mary Williamson, Qian Zeng, Tricia Zwiefelhofer, Clinton R. Paden, Duncan MacCannell",Laboratory Corporation of America,"Centers for Disease Control and Prevention   Division of Viral Diseases, Pathogen Discovery"
UPLOAD|hCoV-19/USA/FL-Miami-1207/2021|EPI_ISL_4563168|2021-07,hCoV-19/USA/NV-CDC-LC0083667/2021,EPI_ISL_2926882,GK,AY.2,11.0,15.0,North America / USA / Nevada,2021-06-24,2021-07-13,"Dakota Howard, Dhwani Batra, Peter W. Cook, Kara Moser, Adrian Paskey, Jason Caravas, Benjamin Rambo-Martin, Shatavia Morrison, Christopher Gulvick, Scott Sammons, Yvette Unoarumhi, Darlene Wagner, Matthew Schmerer, Minoo Agarwal, Eyad Almasri, Debbie Boles, Ayla Burns, Nuthawin Charoensri, Oren Cohen, Susan Countryman, Mary Ann Cristobal, Bobbi Croy, Suzanne Dale, Hrushikesh Deshmukh, Amanda Douglas, Vincent Drouillon, Marcia Eisenberg, Howard Engler, Rama Ghatti, Prashant Gupta, Susan Hicks, Jake Humphrey, Lax Iyer, Lisa Pfefferle, Manoj Jain, Matthew Robinson, Mohan Kolli, Brian Krueger, Tim Kuphal, Stanley Letovsky, Michael Levandoski, Craig Lukasik, Jonathan Meltzer, Brian Norvell, Mindy Nye, Scott Parker, Christos Petropoulos, John Pruitt, Steven Ragan, Scott Ryan, Mike Sapeta, Jana Schroth, Suresh Babu Selvaraju, Goran Stevovic, Amanda Suchanek, Andrea Throop, Lyndon Tilson, Thomas Urban, Joe Voshell, Kimberly Wagner, Jonathan Williams, Mary Williamson, Qian Zeng, Tricia Zwiefelhofer, Clinton R. Paden, Duncan MacCannell",Laboratory Corporation of America,"Centers for Disease Control and Prevention   Division of Viral Diseases, Pathogen Discovery"
UPLOAD|hCoV-19/USA/FL-Miami-1207/2021|EPI_ISL_4563168|2021-07,hCoV-19/USA/NV-CDC-QDX26343689/2021,EPI_ISL_2929209,GK,AY.2,11.0,15.0,North America / USA / Nevada,2021-06-28,2021-07-13,"Dakota Howard, Dhwani Batra, Peter W. Cook, Kara Moser, Adrian Paskey, Jason Caravas, Benjamin Rambo-Martin, Shatavia Morrison, Christopher Gulvick, Scott Sammons, Yvette Unoarumhi, Darlene Wagner, Matthew Schmerer, S. H. Rosenthal, A. Gerasimova, R. M. Kagan, B. Anderson, M. Hua, Y. Liu, L.E. Bernstein, K.E. Livingston, A. Perez, I. A. Shlyakhter, R. V. Rolando, R. Owen, P. Tanpaiboon, F. Lacbawan, Clinton R. Paden, Duncan MacCannell",Quest Diagnostics Incorporated,"Centers for Disease Control and Prevention   Division of Viral Diseases, Pathogen Discovery"
UPLOAD|hCoV-19/USA/FL-Miami-1207/2021|EPI_ISL_4563168|2021-07,hCoV-19/USA/NV-CDC-QDX26343648/2021,EPI_ISL_2929201,GK,AY.2,11.0,15.0,North America / USA / Nevada,2021-06-28,2021-07-13,"Dakota Howard, Dhwani Batra, Peter W. Cook, Kara Moser, Adrian Paskey, Jason Caravas, Benjamin Rambo-Martin, Shatavia Morrison, Christopher Gulvick, Scott Sammons, Yvette Unoarumhi, Darlene Wagner, Matthew Schmerer, S. H. Rosenthal, A. Gerasimova, R. M. Kagan, B. Anderson, M. Hua, Y. Liu, L.E. Bernstein, K.E. Livingston, A. Perez, I. A. Shlyakhter, R. V. Rolando, R. Owen, P. Tanpaiboon, F. Lacbawan, Clinton R. Paden, Duncan MacCannell",Quest Diagnostics Incorporated,"Centers for Disease Control and Prevention   Division of Viral Diseases, Pathogen Discovery"
UPLOAD|hCoV-19/USA/FL-Miami-1207/2021|EPI_ISL_4563168|2021-07,hCoV-19/USA/CA-CDC-QDX26299942/2021,EPI_ISL_2929181,GK,AY.2,11.0,15.0,North America / USA / California,2021-06-24,2021-07-13,"Dakota Howard, Dhwani Batra, Peter W. Cook, Kara Moser, Adrian Paskey, Jason Caravas, Benjamin Rambo-Martin, Shatavia Morrison, Christopher Gulvick, Scott Sammons, Yvette Unoarumhi, Darlene Wagner, Matthew Schmerer, S. H. Rosenthal, A. Gerasimova, R. M. Kagan, B. Anderson, M. Hua, Y. Liu, L.E. Bernstein, K.E. Livingston, A. Perez, I. A. Shlyakhter, R. V. Rolando, R. Owen, P. Tanpaiboon, F. Lacbawan, Clinton R. Paden, Duncan MacCannell",Quest Diagnostics Incorporated,"Centers for Disease Control and Prevention   Division of Viral Diseases, Pathogen Discovery"
UPLOAD|hCoV-19/USA/FL-Miami-1207/2021|EPI_ISL_4563168|2021-07,hCoV-19/USA/CA-CDC-FG-040699/2021,EPI_ISL_3016705,GK,AY.2,11.0,15.0,North America / USA / California,2021-07-01,2021-07-20,"Dakota Howard, Dhwani Batra, Peter W. Cook, Kara Moser, Adrian Paskey, Jason Caravas, Benjamin Rambo-Martin, Shatavia Morrison, Christopher Gulvick, Scott Sammons, Yvette Unoarumhi, Darlene Wagner, Matthew Schmerer, Harry Gao, Mickey Li, John Gao, Joseph Fierro, Benafsh Sapra, Becky Tsai, Yan Meng, Doreen Ng, James Xie, Clinton R. Paden, Duncan MacCannell",Fulgent Genetics,"Centers for Disease Control and Prevention   Division of Viral Diseases, Pathogen Discovery"
UPLOAD|hCoV-19/USA/FL-Miami-1207/2021|EPI_ISL_4563168|2021-07,hCoV-19/USA/NV-CDC-LC0091611/2021,EPI_ISL_3016778,GK,AY.2,11.0,15.0,North America / USA / Nevada,2021-06-29,2021-07-20,"Dakota Howard, Dhwani Batra, Peter W. Cook, Kara Moser, Adrian Paskey, Jason Caravas, Benjamin Rambo-Martin, Shatavia Morrison, Christopher Gulvick, Scott Sammons, Yvette Unoarumhi, Darlene Wagner, Matthew Schmerer, Minoo Agarwal, Eyad Almasri, Debbie Boles, Ayla Burns, Nuthawin Charoensri, Oren Cohen, Susan Countryman, Mary Ann Cristobal, Bobbi Croy, Suzanne Dale, Hrushikesh Deshmukh, Amanda Douglas, Vincent Drouillon, Marcia Eisenberg, Howard Engler, Rama Ghatti, Prashant Gupta, Susan Hicks, Jake Humphrey, Lax Iyer, Lisa Pfefferle, Manoj Jain, Matthew Robinson, Mohan Kolli, Brian Krueger, Tim Kuphal, Stanley Letovsky, Michael Levandoski, Craig Lukasik, Jonathan Meltzer, Brian Norvell, Mindy Nye, Scott Parker, Christos Petropoulos, John Pruitt, Steven Ragan, Scott Ryan, Mike Sapeta, Jana Schroth, Suresh Babu Selvaraju, Goran Stevovic, Amanda Suchanek, Andrea Throop, Lyndon Tilson, Thomas Urban, Joe Voshell, Kimberly Wagner, Jonathan Williams, Mary Williamson, Qian Zeng, Tricia Zwiefelhofer, Clinton R. Paden, Duncan MacCannell",Laboratory Corporation of America,"Centers for Disease Control and Prevention   Division of Viral Diseases, Pathogen Discovery"
UPLOAD|hCoV-19/USA/FL-Miami-1207/2021|EPI_ISL_4563168|2021-07,hCoV-19/USA/NV-CDC-LC0091472/2021,EPI_ISL_3016780,GK,AY.2,11.0,15.0,North America / USA / Nevada,2021-06-29,2021-07-20,"Dakota Howard, Dhwani Batra, Peter W. Cook, Kara Moser, Adrian Paskey, Jason Caravas, Benjamin Rambo-Martin, Shatavia Morrison, Christopher Gulvick, Scott Sammons, Yvette Unoarumhi, Darlene Wagner, Matthew Schmerer, Minoo Agarwal, Eyad Almasri, Debbie Boles, Ayla Burns, Nuthawin Charoensri, Oren Cohen, Susan Countryman, Mary Ann Cristobal, Bobbi Croy, Suzanne Dale, Hrushikesh Deshmukh, Amanda Douglas, Vincent Drouillon, Marcia Eisenberg, Howard Engler, Rama Ghatti, Prashant Gupta, Susan Hicks, Jake Humphrey, Lax Iyer, Lisa Pfefferle, Manoj Jain, Matthew Robinson, Mohan Kolli, Brian Krueger, Tim Kuphal, Stanley Letovsky, Michael Levandoski, Craig Lukasik, Jonathan Meltzer, Brian Norvell, Mindy Nye, Scott Parker, Christos Petropoulos, John Pruitt, Steven Ragan, Scott Ryan, Mike Sapeta, Jana Schroth, Suresh Babu Selvaraju, Goran Stevovic, Amanda Suchanek, Andrea Throop, Lyndon Tilson, Thomas Urban, Joe Voshell, Kimberly Wagner, Jonathan Williams, Mary Williamson, Qian Zeng, Tricia Zwiefelhofer, Clinton R. Paden, Duncan MacCannell",Laboratory Corporation of America,"Centers for Disease Control and Prevention   Division of Viral Diseases, Pathogen Discovery"
UPLOAD|hCoV-19/USA/FL-Miami-1207/2021|EPI_ISL_4563168|2021-07,hCoV-19/USA/NV-CDC-QDX26446240/2021,EPI_ISL_3018210,GK,AY.2,11.0,15.0,North America / USA / Nevada,2021-07-03,2021-07-20,"Dakota Howard, Dhwani Batra, Peter W. Cook, Kara Moser, Adrian Paskey, Jason Caravas, Benjamin Rambo-Martin, Shatavia Morrison, Christopher Gulvick, Scott Sammons, Yvette Unoarumhi, Darlene Wagner, Matthew Schmerer, S. H. Rosenthal, A. Gerasimova, R. M. Kagan, B. Anderson, M. Hua, Y. Liu, L.E. Bernstein, K.E. Livingston, A. Perez, I. A. Shlyakhter, R. V. Rolando, R. Owen, P. Tanpaiboon, F. Lacbawan, Clinton R. Paden, Duncan MacCannell",Quest Diagnostics Incorporated,"Centers for Disease Control and Prevention   Division of Viral Diseases, Pathogen Discovery"
UPLOAD|hCoV-19/USA/FL-Miami-1207/2021|EPI_ISL_4563168|2021-07,hCoV-19/USA/NV-CDC-QDX26400874/2021,EPI_ISL_3018178,GK,AY.2,11.0,15.0,North America / USA / Nevada,2021-06-30,2021-07-20,"Dakota Howard, Dhwani Batra, Peter W. Cook, Kara Moser, Adrian Paskey, Jason Caravas, Benjamin Rambo-Martin, Shatavia Morrison, Christopher Gulvick, Scott Sammons, Yvette Unoarumhi, Darlene Wagner, Matthew Schmerer, S. H. Rosenthal, A. Gerasimova, R. M. Kagan, B. Anderson, M. Hua, Y. Liu, L.E. Bernstein, K.E. Livingston, A. Perez, I. A. Shlyakhter, R. V. Rolando, R. Owen, P. Tanpaiboon, F. Lacbawan, Clinton R. Paden, Duncan MacCannell",Quest Diagnostics Incorporated,"Centers for Disease Control and Prevention   Division of Viral Diseases, Pathogen Discovery"
UPLOAD|hCoV-19/USA/FL-Miami-1207/2021|EPI_ISL_4563168|2021-07,hCoV-19/USA/NV-NSPHL-LV368968/2021,EPI_ISL_3021089,GK,AY.2,11.0,15.0,North America / USA / Nevada,2021-07-01,2021-07-20,"Andrew Gorzalski, Mark Pandori",Nevada State Public Health Laboratory,Nevada State Public Health Laboratory
UPLOAD|hCoV-19/USA/FL-Miami-1207/2021|EPI_ISL_4563168|2021-07,hCoV-19/USA/NV-CDC-QDX25762865/2021,EPI_ISL_3091972,G,AY.2,11.0,15.0,North America / USA / Nevada,2021-06-11,2021-07-02,"Howard,D., Batra,D., Cook,P.W., Moser,K., Paskey,A., Caravas,J., Rambo-Martin,B., Morrison,S., Gulvick,C., Sammons,S., Unoarumhi,Y., Wagner,D., Schmerer,M., Rosenthal,S.H., Gerasimova,A., Kagan,R.M., Anderson,B., Hua,M., Liu,Y., Bernstein,L., Livingston,K., Perez,A., Shlyakhter,I.A., Rolando,R.V., Owen,R., Tanpaiboon,P., Lacbawan,F., Paden,C.R., MacCannell,D.","Respiratory Viruses Branch,  Centers for Disease Control and Prevention","Respiratory Viruses Branch,  Centers for Disease Control and Prevention"
UPLOAD|hCoV-19/USA/FL-Miami-1207/2021|EPI_ISL_4563168|2021-07,hCoV-19/USA/NV-CDC-QDX25762925/2021,EPI_ISL_3091930,GK,AY.2,11.0,15.0,North America / USA / Nevada,2021-06-12,2021-07-02,"Howard,D., Batra,D., Cook,P.W., Moser,K., Paskey,A., Caravas,J., Rambo-Martin,B., Morrison,S., Gulvick,C., Sammons,S., Unoarumhi,Y., Wagner,D., Schmerer,M., Rosenthal,S.H., Gerasimova,A., Kagan,R.M., Anderson,B., Hua,M., Liu,Y., Bernstein,L., Livingston,K., Perez,A., Shlyakhter,I.A., Rolando,R.V., Owen,R., Tanpaiboon,P., Lacbawan,F., Paden,C.R., MacCannell,D.","Respiratory Viruses Branch,  Centers for Disease Control and Prevention","Respiratory Viruses Branch,  Centers for Disease Control and Prevention"
UPLOAD|hCoV-19/USA/FL-Miami-1207/2021|EPI_ISL_4563168|2021-07,hCoV-19/USA/NV-CDC-QDX25806379/2021,EPI_ISL_3091791,G,AY.2,11.0,15.0,North America / USA / Nevada,2021-06-14,2021-07-02,"Howard,D., Batra,D., Cook,P.W., Moser,K., Paskey,A., Caravas,J., Rambo-Martin,B., Morrison,S., Gulvick,C., Sammons,S., Unoarumhi,Y., Wagner,D., Schmerer,M., Rosenthal,S.H., Gerasimova,A., Kagan,R.M., Anderson,B., Hua,M., Liu,Y., Bernstein,L., Livingston,K., Perez,A., Shlyakhter,I.A., Rolando,R.V., Owen,R., Tanpaiboon,P., Lacbawan,F., Paden,C.R., MacCannell,D.","Respiratory Viruses Branch,  Centers for Disease Control and Prevention","Respiratory Viruses Branch,  Centers for Disease Control and Prevention"
UPLOAD|hCoV-19/USA/FL-Miami-1207/2021|EPI_ISL_4563168|2021-07,hCoV-19/USA/NV-CDC-QDX25762933/2021,EPI_ISL_3091572,GK,AY.2,11.0,15.0,North America / USA / Nevada,2021-06-11,2021-07-02,"Howard,D., Batra,D., Cook,P.W., Moser,K., Paskey,A., Caravas,J., Rambo-Martin,B., Morrison,S., Gulvick,C., Sammons,S., Unoarumhi,Y., Wagner,D., Schmerer,M., Rosenthal,S.H., Gerasimova,A., Kagan,R.M., Anderson,B., Hua,M., Liu,Y., Bernstein,L., Livingston,K., Perez,A., Shlyakhter,I.A., Rolando,R.V., Owen,R., Tanpaiboon,P., Lacbawan,F., Paden,C.R., MacCannell,D.","Respiratory Viruses Branch,  Centers for Disease Control and Prevention","Respiratory Viruses Branch,  Centers for Disease Control and Prevention"
UPLOAD|hCoV-19/USA/FL-Miami-1207/2021|EPI_ISL_4563168|2021-07,hCoV-19/USA/NV-CDC-QDX25762922/2021,EPI_ISL_3091660,GK,AY.2,11.0,15.0,North America / USA / Nevada,2021-06-12,2021-07-02,"Howard,D., Batra,D., Cook,P.W., Moser,K., Paskey,A., Caravas,J., Rambo-Martin,B., Morrison,S., Gulvick,C., Sammons,S., Unoarumhi,Y., Wagner,D., Schmerer,M., Rosenthal,S.H., Gerasimova,A., Kagan,R.M., Anderson,B., Hua,M., Liu,Y., Bernstein,L., Livingston,K., Perez,A., Shlyakhter,I.A., Rolando,R.V., Owen,R., Tanpaiboon,P., Lacbawan,F., Paden,C.R., MacCannell,D.","Respiratory Viruses Branch,  Centers for Disease Control and Prevention","Respiratory Viruses Branch,  Centers for Disease Control and Prevention"
UPLOAD|hCoV-19/USA/FL-Miami-1207/2021|EPI_ISL_4563168|2021-07,hCoV-19/USA/NV-CDC-QDX25806378/2021,EPI_ISL_3091893,GK,AY.2,11.0,15.0,North America / USA / Nevada,2021-06-13,2021-07-02,"Howard,D., Batra,D., Cook,P.W., Moser,K., Paskey,A., Caravas,J., Rambo-Martin,B., Morrison,S., Gulvick,C., Sammons,S., Unoarumhi,Y., Wagner,D., Schmerer,M., Rosenthal,S.H., Gerasimova,A., Kagan,R.M., Anderson,B., Hua,M., Liu,Y., Bernstein,L., Livingston,K., Perez,A., Shlyakhter,I.A., Rolando,R.V., Owen,R., Tanpaiboon,P., Lacbawan,F., Paden,C.R., MacCannell,D.","Respiratory Viruses Branch,  Centers for Disease Control and Prevention","Respiratory Viruses Branch,  Centers for Disease Control and Prevention"
UPLOAD|hCoV-19/USA/FL-Miami-1207/2021|EPI_ISL_4563168|2021-07,hCoV-19/USA/NV-CDC-QDX26531713/2021,EPI_ISL_3113793,GK,AY.2,11.0,15.0,North America / USA / Nevada,2021-07-05,2021-07-28,"Dakota Howard, Dhwani Batra, Peter W. Cook, Kara Moser, Adrian Paskey, Jason Caravas, Benjamin Rambo-Martin, Shatavia Morrison, Christopher Gulvick, Scott Sammons, Yvette Unoarumhi, Darlene Wagner, Matthew Schmerer, S. H. Rosenthal, A. Gerasimova, R. M. Kagan, B. Anderson, M. Hua, Y. Liu, L.E. Bernstein, K.E. Livingston, A. Perez, I. A. Shlyakhter, R. V. Rolando, R. Owen, P. Tanpaiboon, F. Lacbawan, Clinton R. Paden, Duncan MacCannell",Quest Diagnostics Incorporated,"Centers for Disease Control and Prevention   Division of Viral Diseases, Pathogen Discovery"
UPLOAD|hCoV-19/USA/FL-Miami-1207/2021|EPI_ISL_4563168|2021-07,hCoV-19/USA/NV-CDC-QDX26531922/2021,EPI_ISL_3113774,GK,AY.2,11.0,15.0,North America / USA / Nevada,2021-07-06,2021-07-28,"Dakota Howard, Dhwani Batra, Peter W. Cook, Kara Moser, Adrian Paskey, Jason Caravas, Benjamin Rambo-Martin, Shatavia Morrison, Christopher Gulvick, Scott Sammons, Yvette Unoarumhi, Darlene Wagner, Matthew Schmerer, S. H. Rosenthal, A. Gerasimova, R. M. Kagan, B. Anderson, M. Hua, Y. Liu, L.E. Bernstein, K.E. Livingston, A. Perez, I. A. Shlyakhter, R. V. Rolando, R. Owen, P. Tanpaiboon, F. Lacbawan, Clinton R. Paden, Duncan MacCannell",Quest Diagnostics Incorporated,"Centers for Disease Control and Prevention   Division of Viral Diseases, Pathogen Discovery"
UPLOAD|hCoV-19/USA/FL-Miami-1207/2021|EPI_ISL_4563168|2021-07,hCoV-19/USA/NV-CDC-QDX26531698/2021,EPI_ISL_3113801,GK,AY.2,11.0,15.0,North America / USA / Nevada,2021-07-05,2021-07-28,"Dakota Howard, Dhwani Batra, Peter W. Cook, Kara Moser, Adrian Paskey, Jason Caravas, Benjamin Rambo-Martin, Shatavia Morrison, Christopher Gulvick, Scott Sammons, Yvette Unoarumhi, Darlene Wagner, Matthew Schmerer, S. H. Rosenthal, A. Gerasimova, R. M. Kagan, B. Anderson, M. Hua, Y. Liu, L.E. Bernstein, K.E. Livingston, A. Perez, I. A. Shlyakhter, R. V. Rolando, R. Owen, P. Tanpaiboon, F. Lacbawan, Clinton R. Paden, Duncan MacCannell",Quest Diagnostics Incorporated,"Centers for Disease Control and Prevention   Division of Viral Diseases, Pathogen Discovery"
UPLOAD|hCoV-19/USA/FL-Miami-1207/2021|EPI_ISL_4563168|2021-07,hCoV-19/USA/NV-CDC-QDX26531853/2021,EPI_ISL_3113803,GK,AY.2,11.0,15.0,North America / USA / Nevada,2021-07-06,2021-07-28,"Dakota Howard, Dhwani Batra, Peter W. Cook, Kara Moser, Adrian Paskey, Jason Caravas, Benjamin Rambo-Martin, Shatavia Morrison, Christopher Gulvick, Scott Sammons, Yvette Unoarumhi, Darlene Wagner, Matthew Schmerer, S. H. Rosenthal, A. Gerasimova, R. M. Kagan, B. Anderson, M. Hua, Y. Liu, L.E. Bernstein, K.E. Livingston, A. Perez, I. A. Shlyakhter, R. V. Rolando, R. Owen, P. Tanpaiboon, F. Lacbawan, Clinton R. Paden, Duncan MacCannell",Quest Diagnostics Incorporated,"Centers for Disease Control and Prevention   Division of Viral Diseases, Pathogen Discovery"
UPLOAD|hCoV-19/USA/FL-Miami-1207/2021|EPI_ISL_4563168|2021-07,hCoV-19/USA/NV-CDC-QDX26764561/2021,EPI_ISL_3213417,GK,AY.2,11.0,15.0,North America / USA / Nevada,2021-07-10,2021-08-03,"Dakota Howard, Dhwani Batra, Peter W. Cook, Kara Moser, Adrian Paskey, Jason Caravas, Benjamin Rambo-Martin, Shatavia Morrison, Christopher Gulvick, Scott Sammons, Yvette Unoarumhi, Darlene Wagner, Matthew Schmerer, S. H. Rosenthal, A. Gerasimova, R. M. Kagan, B. Anderson, M. Hua, Y. Liu, L.E. Bernstein, K.E. Livingston, A. Perez, I. A. Shlyakhter, R. V. Rolando, R. Owen, P. Tanpaiboon, F. Lacbawan, Clinton R. Paden, Duncan MacCannell",Quest Diagnostics Incorporated,"Centers for Disease Control and Prevention   Division of Viral Diseases, Pathogen Discovery"
UPLOAD|hCoV-19/USA/FL-Miami-1207/2021|EPI_ISL_4563168|2021-07,hCoV-19/USA/NV-CDC-LC0104812/2021,EPI_ISL_3325420,GK,AY.2,11.0,15.0,North America / USA / Nevada,2021-07-10,2021-08-10,"Dakota Howard, Dhwani Batra, Peter W. Cook, Kara Moser, Adrian Paskey, Jason Caravas, Benjamin Rambo-Martin, Shatavia Morrison, Christopher Gulvick, Scott Sammons, Yvette Unoarumhi, Darlene Wagner, Matthew Schmerer, Minoo Agarwal, Eyad Almasri, Debbie Boles, Ayla Burns, Nuthawin Charoensri, Oren Cohen, Susan Countryman, Mary Ann Cristobal, Bobbi Croy, Suzanne Dale, Hrushikesh Deshmukh, Amanda Douglas, Vincent Drouillon, Marcia Eisenberg, Howard Engler, Rama Ghatti, Prashant Gupta, Susan Hicks, Jake Humphrey, Lax Iyer, Lisa Pfefferle, Manoj Jain, Matthew Robinson, Mohan Kolli, Brian Krueger, Tim Kuphal, Stanley Letovsky, Michael Levandoski, Craig Lukasik, Jonathan Meltzer, Brian Norvell, Mindy Nye, Scott Parker, Christos Petropoulos, John Pruitt, Steven Ragan, Scott Ryan, Mike Sapeta, Jana Schroth, Suresh Babu Selvaraju, Goran Stevovic, Amanda Suchanek, Andrea Throop, Lyndon Tilson, Thomas Urban, Joe Voshell, Kimberly Wagner, Jonathan Williams, Mary Williamson, Qian Zeng, Tricia Zwiefelhofer, Clinton R. Paden, Duncan MacCannell",Laboratory Corporation of America,"Centers for Disease Control and Prevention   Division of Viral Diseases, Pathogen Discovery"
UPLOAD|hCoV-19/USA/FL-Miami-1207/2021|EPI_ISL_4563168|2021-07,hCoV-19/USA/LA-CDC-LC0104075/2021,EPI_ISL_3325515,GK,AY.2,11.0,15.0,North America / USA / Louisiana,2021-07-06,2021-08-10,"Dakota Howard, Dhwani Batra, Peter W. Cook, Kara Moser, Adrian Paskey, Jason Caravas, Benjamin Rambo-Martin, Shatavia Morrison, Christopher Gulvick, Scott Sammons, Yvette Unoarumhi, Darlene Wagner, Matthew Schmerer, Minoo Agarwal, Eyad Almasri, Debbie Boles, Ayla Burns, Nuthawin Charoensri, Oren Cohen, Susan Countryman, Mary Ann Cristobal, Bobbi Croy, Suzanne Dale, Hrushikesh Deshmukh, Amanda Douglas, Vincent Drouillon, Marcia Eisenberg, Howard Engler, Rama Ghatti, Prashant Gupta, Susan Hicks, Jake Humphrey, Lax Iyer, Lisa Pfefferle, Manoj Jain, Matthew Robinson, Mohan Kolli, Brian Krueger, Tim Kuphal, Stanley Letovsky, Michael Levandoski, Craig Lukasik, Jonathan Meltzer, Brian Norvell, Mindy Nye, Scott Parker, Christos Petropoulos, John Pruitt, Steven Ragan, Scott Ryan, Mike Sapeta, Jana Schroth, Suresh Babu Selvaraju, Goran Stevovic, Amanda Suchanek, Andrea Throop, Lyndon Tilson, Thomas Urban, Joe Voshell, Kimberly Wagner, Jonathan Williams, Mary Williamson, Qian Zeng, Tricia Zwiefelhofer, Clinton R. Paden, Duncan MacCannell",Laboratory Corporation of America,"Centers for Disease Control and Prevention   Division of Viral Diseases, Pathogen Discovery"
UPLOAD|hCoV-19/USA/FL-Miami-1207/2021|EPI_ISL_4563168|2021-07,hCoV-19/USA/CA-CDPH-500000287/2021,EPI_ISL_3695423,GK,AY.2,11.0,15.0,North America / USA / California / San Joaquin county,2021-07-01,2021-08-26,Emily Smith on behalf of CDPH-COVIDNet and UCI Genome Sciences Center/GHTF,CDPH VBL,California Department of Public Health
UPLOAD|hCoV-19/USA/FL-Miami-1207/2021|EPI_ISL_4563168|2021-07,hCoV-19/USA/UT-UPHL-210806019839-7-7/2021,EPI_ISL_3744665,GK,AY.2,11.0,15.0,North America / USA / Utah,2021-07-07,2021-08-27,"Erin L. Young, Kelly F. Oakeson, Pooja Gupta, Olinto Linares-Perdomo",Utah Public Health Laboratory,Utah Public Health Laboratory
UPLOAD|hCoV-19/USA/FL-Miami-1207/2021|EPI_ISL_4563168|2021-07,hCoV-19/USA/UT-UPHL-210710101974-6-25/2021,EPI_ISL_3756343,GK,AY.2,11.0,15.0,North America / USA / Utah,2021-06-25,2021-08-27,"Erin L. Young, Kelly F. Oakeson, Tara Gallagher",Utah Public Health Laboratory,Utah Public Health Laboratory
UPLOAD|hCoV-19/USA/FL-Miami-1207/2021|EPI_ISL_4563168|2021-07,hCoV-19/USA/UT-UPHL-210710257365-6-25/2021,EPI_ISL_3756353,GK,AY.2,11.0,15.0,North America / USA / Utah,2021-06-25,2021-08-27,"Erin L. Young, Kelly F. Oakeson, Tara Gallagher",Utah Public Health Laboratory,Utah Public Health Laboratory
UPLOAD|hCoV-19/USA/FL-Miami-1207/2021|EPI_ISL_4563168|2021-07,hCoV-19/USA/CA-CDC-LC0126302/2021,EPI_ISL_4158915,GK,AY.2,11.0,15.0,North America / USA / California,2021-07-14,2021-09-13,"Dakota Howard,Dhwani Batra,Peter Cook,Kara Moser,Adrian Paskey,Jason Caravas,Benjamin Rambo-Martin,Shatavia Morrison,Christopher Gulvick,Scott Sammons,Yvette Unoarumhi,Darlene Wagner,Matthew Schmerer,Minoo Agarwal,Eyad Almasri,Debbie Boles,Ayla Burns,Nuthawin Charoensri,Oren Cohen,Susan Countryman,Mary Cristobal,Bobbi Croy,Suzanne Dale,Hrushikesh Deshmukh,Amanda Douglas,Vincent Drouillon,Marcia Eisenberg,Howard Engler,Rama Ghatti,Prashant Gupta,Susan Hicks,Jake Humphrey,Lax Iyer,Lisa Pfefferle,Manoj Jain,Matthew Robinson,Mohan Kolli,Brian Krueger,Tim Kuphal,Stanley Letovsky,Michael Levandoski,Craig Lukasik,Jonathan Meltzer,Brian Norvell,Mindy Nye,Scott Parker,Christos Petropoulos,John Pruitt,Steven Ragan,Scott Ryan,Mike Sapeta,Jana Schroth,Suresh Selvaraju,Goran Stevovic,Amanda Suchanek,Andrea Throop,Lyndon Tilson,Thomas Urban,Joe Voshell,Kimberly Wagner,Jonathan Williams,Mary Williamson,Qian Zeng,Tricia Zwiefelhofer,Clinton Paden,Duncan MacCannell",Laboratory Corporation of America,"Centers for Disease Control and Prevention   Division of Viral Diseases, Pathogen Discovery"
UPLOAD|hCoV-19/USA/FL-Miami-1207/2021|EPI_ISL_4563168|2021-07,hCoV-19/USA/CA-CDC-LC0126306/2021,EPI_ISL_4158914,GK,AY.2,11.0,15.0,North America / USA / California,2021-07-14,2021-09-13,"Dakota Howard,Dhwani Batra,Peter Cook,Kara Moser,Adrian Paskey,Jason Caravas,Benjamin Rambo-Martin,Shatavia Morrison,Christopher Gulvick,Scott Sammons,Yvette Unoarumhi,Darlene Wagner,Matthew Schmerer,Minoo Agarwal,Eyad Almasri,Debbie Boles,Ayla Burns,Nuthawin Charoensri,Oren Cohen,Susan Countryman,Mary Cristobal,Bobbi Croy,Suzanne Dale,Hrushikesh Deshmukh,Amanda Douglas,Vincent Drouillon,Marcia Eisenberg,Howard Engler,Rama Ghatti,Prashant Gupta,Susan Hicks,Jake Humphrey,Lax Iyer,Lisa Pfefferle,Manoj Jain,Matthew Robinson,Mohan Kolli,Brian Krueger,Tim Kuphal,Stanley Letovsky,Michael Levandoski,Craig Lukasik,Jonathan Meltzer,Brian Norvell,Mindy Nye,Scott Parker,Christos Petropoulos,John Pruitt,Steven Ragan,Scott Ryan,Mike Sapeta,Jana Schroth,Suresh Selvaraju,Goran Stevovic,Amanda Suchanek,Andrea Throop,Lyndon Tilson,Thomas Urban,Joe Voshell,Kimberly Wagner,Jonathan Williams,Mary Williamson,Qian Zeng,Tricia Zwiefelhofer,Clinton Paden,Duncan MacCannell",Laboratory Corporation of America,"Centers for Disease Control and Prevention   Division of Viral Diseases, Pathogen Discovery"
UPLOAD|hCoV-19/USA/FL-Miami-1207/2021|EPI_ISL_4563168|2021-07,hCoV-19/USA/NY-CDC-QDX26675270/2021,EPI_ISL_4187977,GK,AY.2,11.0,15.0,North America / USA / New York,2021-07-08,2021-09-14,"Dakota Howard,Dhwani Batra,Peter Cook,Jason Caravas,Benjamin Rambo-Martin,Scott Sammons,Yvette Unoarumhi,Matthew Schmerer,Kristine Lacek,Tymeckia Kendall,Victoria Caban Figueroa,Shatavia Morrison,Christopher Gulvick,Erisa Sula,S. Rosenthal,A. Gerasimova,R. Kagan,B. Anderson,M. Hua,Y. Liu,L. Bernstein,K. Livingston,A. Perez,I. Shlyakhter,R. Rolando,R. Owen,P. Tanpaiboon,F. Lacbawan,Clinton Paden,Duncan MacCannell",Quest Diagnostics Incorporated,"Centers for Disease Control and Prevention   Division of Viral Diseases, Pathogen Discovery"
UPLOAD|hCoV-19/USA/FL-Miami-1207/2021|EPI_ISL_4563168|2021-07,hCoV-19/USA/NV-SNPHL-392687/2021,EPI_ISL_4194242,GK,AY.2,11.0,15.0,North America / USA / Nevada / Las Vegas,2021-07-26,2021-09-14,Michael Picker,Southern Nevada Public Health Laboratory,Southern Nevada Public Health Laboratory
UPLOAD|hCoV-19/USA/FL-Miami-1207/2021|EPI_ISL_4563168|2021-07,hCoV-19/USA/UT-UPHL-210806035288-7-9/2021,EPI_ISL_3744711,GK,AY.2,11.0,16.0,North America / USA / Utah,2021-07-09,2021-08-27,"Erin L. Young, Kelly F. Oakeson, Pooja Gupta, Olinto Linares-Perdomo",Utah Public Health Laboratory,Utah Public Health Laboratory
UPLOAD|hCoV-19/USA/FL-Miami-1207/2021|EPI_ISL_4563168|2021-07,hCoV-19/USA/NV-SNPHL-382415/2021,EPI_ISL_4194209,GK,AY.2,11.0,16.0,North America / USA / Nevada / Las Vegas,2021-07-22,2021-09-14,Michael Picker,Southern Nevada Public Health Laboratory,Southern Nevada Public Health Laboratory
UPLOAD|hCoV-19/USA/FL-Miami-1207/2021|EPI_ISL_4563168|2021-07,hCoV-19/USA/TX-CDC-QDX26718457/2021,EPI_ISL_4196597,GK,AY.2,11.0,16.0,North America / USA / Texas,2021-07-10,2021-09-15,"Dakota Howard,Dhwani Batra,Peter Cook,Jason Caravas,Benjamin Rambo-Martin,Scott Sammons,Yvette Unoarumhi,Matthew Schmerer,Kristine Lacek,Tymeckia Kendall,Victoria Caban Figueroa,Shatavia Morrison,Christopher Gulvick,Erisa Sula,S. Rosenthal,A. Gerasimova,R. Kagan,B. Anderson,M. Hua,Y. Liu,L. Bernstein,K. Livingston,A. Perez,I. Shlyakhter,R. Rolando,R. Owen,P. Tanpaiboon,F. Lacbawan,Clinton Paden,Duncan MacCannell",Quest Diagnostics Incorporated,"Centers for Disease Control and Prevention   Division of Viral Diseases, Pathogen Discovery"
UPLOAD|hCoV-19/USA/FL-Miami-1207/2021|EPI_ISL_4563168|2021-07,hCoV-19/USA/TX-CDC-LC0134685/2021,EPI_ISL_4158046,GK,AY.2,11.0,16.0,North America / USA / Texas,2021-07-16,2021-09-13,"Dakota Howard,Dhwani Batra,Peter Cook,Kara Moser,Adrian Paskey,Jason Caravas,Benjamin Rambo-Martin,Shatavia Morrison,Christopher Gulvick,Scott Sammons,Yvette Unoarumhi,Darlene Wagner,Matthew Schmerer,Minoo Agarwal,Eyad Almasri,Debbie Boles,Ayla Burns,Nuthawin Charoensri,Oren Cohen,Susan Countryman,Mary Cristobal,Bobbi Croy,Suzanne Dale,Hrushikesh Deshmukh,Amanda Douglas,Vincent Drouillon,Marcia Eisenberg,Howard Engler,Rama Ghatti,Prashant Gupta,Susan Hicks,Jake Humphrey,Lax Iyer,Lisa Pfefferle,Manoj Jain,Matthew Robinson,Mohan Kolli,Brian Krueger,Tim Kuphal,Stanley Letovsky,Michael Levandoski,Craig Lukasik,Jonathan Meltzer,Brian Norvell,Mindy Nye,Scott Parker,Christos Petropoulos,John Pruitt,Steven Ragan,Scott Ryan,Mike Sapeta,Jana Schroth,Suresh Selvaraju,Goran Stevovic,Amanda Suchanek,Andrea Throop,Lyndon Tilson,Thomas Urban,Joe Voshell,Kimberly Wagner,Jonathan Williams,Mary Williamson,Qian Zeng,Tricia Zwiefelhofer,Clinton Paden,Duncan MacCannell",Laboratory Corporation of America,"Centers for Disease Control and Prevention   Division of Viral Diseases, Pathogen Discovery"
UPLOAD|hCoV-19/USA/FL-Miami-1207/2021|EPI_ISL_4563168|2021-07,hCoV-19/USA/UT-UPHL-210710866543-7-1/2021,EPI_ISL_3756349,GK,AY.2,11.0,16.0,North America / USA / Utah,2021-07-01,2021-08-27,"Erin L. Young, Kelly F. Oakeson, Tara Gallagher",Utah Public Health Laboratory,Utah Public Health Laboratory
UPLOAD|hCoV-19/USA/FL-Miami-1207/2021|EPI_ISL_4563168|2021-07,hCoV-19/USA/CA-LACPHL-AF02442/2021,EPI_ISL_4071225,GK,AY.2,11.0,16.0,North America / USA / California / Los Angeles County /,2021-07-21,2021-09-10,P. Hemarajata et al.,Henry Mayo Newhall Hospital,Los Angeles County Public Health Laboratories
UPLOAD|hCoV-19/USA/FL-Miami-1207/2021|EPI_ISL_4563168|2021-07,hCoV-19/USA/TX-CDC-ASC210187356/2021,EPI_ISL_3859444,GK,AY.2,11.0,16.0,North America / USA / Texas,2021-08-09,2021-09-01,"Dakota Howard,Dhwani Batra,Peter Cook,Kara Moser,Adrian Paskey,Jason Caravas,Benjamin Rambo-Martin,Shatavia Morrison,Christopher Gulvick,Scott Sammons,Yvette Unoarumhi,Darlene Wagner,Matthew Schmerer,Cyndi Clark,Patrick Campbell,Rob Case,Vikramsinha Ghorpade,Holly Houdeshell,Ola Kvalvaag,Dillon Nall,Ethan Sanders,Alec Vest,Shaun Westlund,Matthew Hardison,Clinton Paden,Duncan MacCannell",Aegis Sciences Corporation,"Centers for Disease Control and Prevention   Division of Viral Diseases, Pathogen Discovery"
UPLOAD|hCoV-19/USA/FL-Miami-1207/2021|EPI_ISL_4563168|2021-07,hCoV-19/USA/UT-CDC-ASC210157516/2021,EPI_ISL_3323775,GK,AY.2,11.0,16.0,North America / USA / Utah,2021-07-15,2021-08-10,"Dakota Howard, Dhwani Batra, Peter W. Cook, Kara Moser, Adrian Paskey, Jason Caravas, Benjamin Rambo-Martin, Shatavia Morrison, Christopher Gulvick, Scott Sammons, Yvette Unoarumhi, Darlene Wagner, Matthew Schmerer, Cyndi Clark, Patrick Campbell, Rob Case, Vikramsinha Ghorpade, Holly Houdeshell, Ola Kvalvaag, Dillon Nall, Ethan Sanders, Alec Vest, Shaun Westlund, Matthew Hardison, Clinton R. Paden, Duncan MacCannell",Aegis Sciences Corporation,"Centers for Disease Control and Prevention   Division of Viral Diseases, Pathogen Discovery"
UPLOAD|hCoV-19/USA/FL-Miami-1207/2021|EPI_ISL_4563168|2021-07,hCoV-19/USA/AR-CDC-ASC210208001/2021,EPI_ISL_3819258,GK,AY.2,11.0,16.0,North America / USA / Arkansas,2021-08-01,2021-08-31,"Dakota Howard,Dhwani Batra,Peter Cook,Kara Moser,Adrian Paskey,Jason Caravas,Benjamin Rambo-Martin,Shatavia Morrison,Christopher Gulvick,Scott Sammons,Yvette Unoarumhi,Darlene Wagner,Matthew Schmerer,Cyndi Clark,Patrick Campbell,Rob Case,Vikramsinha Ghorpade,Holly Houdeshell,Ola Kvalvaag,Dillon Nall,Ethan Sanders,Alec Vest,Shaun Westlund,Matthew Hardison,Clinton Paden,Duncan MacCannell",Aegis Sciences Corporation,"Centers for Disease Control and Prevention   Division of Viral Diseases, Pathogen Discovery"
UPLOAD|hCoV-19/USA/FL-Miami-1207/2021|EPI_ISL_4563168|2021-07,hCoV-19/USA/NV-CDC-LC0130601/2021,EPI_ISL_4160204,GK,AY.2,11.0,16.0,North America / USA / Nevada,2021-07-26,2021-09-13,"Dakota Howard,Dhwani Batra,Peter Cook,Kara Moser,Adrian Paskey,Jason Caravas,Benjamin Rambo-Martin,Shatavia Morrison,Christopher Gulvick,Scott Sammons,Yvette Unoarumhi,Darlene Wagner,Matthew Schmerer,Minoo Agarwal,Eyad Almasri,Debbie Boles,Ayla Burns,Nuthawin Charoensri,Oren Cohen,Susan Countryman,Mary Cristobal,Bobbi Croy,Suzanne Dale,Hrushikesh Deshmukh,Amanda Douglas,Vincent Drouillon,Marcia Eisenberg,Howard Engler,Rama Ghatti,Prashant Gupta,Susan Hicks,Jake Humphrey,Lax Iyer,Lisa Pfefferle,Manoj Jain,Matthew Robinson,Mohan Kolli,Brian Krueger,Tim Kuphal,Stanley Letovsky,Michael Levandoski,Craig Lukasik,Jonathan Meltzer,Brian Norvell,Mindy Nye,Scott Parker,Christos Petropoulos,John Pruitt,Steven Ragan,Scott Ryan,Mike Sapeta,Jana Schroth,Suresh Selvaraju,Goran Stevovic,Amanda Suchanek,Andrea Throop,Lyndon Tilson,Thomas Urban,Joe Voshell,Kimberly Wagner,Jonathan Williams,Mary Williamson,Qian Zeng,Tricia Zwiefelhofer,Clinton Paden,Duncan MacCannell",Laboratory Corporation of America,"Centers for Disease Control and Prevention   Division of Viral Diseases, Pathogen Discovery"
UPLOAD|hCoV-19/USA/FL-Miami-1207/2021|EPI_ISL_4563168|2021-07,hCoV-19/USA/AZ-TG1007697/2021,EPI_ISL_3826096,GK,AY.2,11.0,16.0,North America / USA / Arizona / Maricopa County,2021-07-20,2021-08-31,"Jolene Bowers, Heather Centner, Brett Van Tassel, Chris French, Hayley Yaglom, Darrin Lemmer, Dave Engelthaler",TGen North,TGen North
UPLOAD|hCoV-19/USA/FL-Miami-1207/2021|EPI_ISL_4563168|2021-07,hCoV-19/USA/CA-CDC-FG-072832/2021,EPI_ISL_4221985,GK,AY.2,11.0,16.0,North America / USA / California / Orange County,2021-07-17,2021-09-16,"Harry Gao, Mickey Li, John Gao, Joseph Fierro, Benafsh Sapra, Becky Tsai, Yan Meng, Doreen Ng, James Xie",Orange County Public Health Laboratory,Fulgent Genetics
UPLOAD|hCoV-19/USA/FL-Miami-1207/2021|EPI_ISL_4563168|2021-07,hCoV-19/USA/CA-CDC-QDX25890915/2021,EPI_ISL_2871169,GK,AY.2,11.0,16.0,North America / USA / California,2021-06-13,2021-07-09,"Dakota Howard, Dhwani Batra, Peter W. Cook, Kara Moser, Adrian Paskey, Jason Caravas, Benjamin Rambo-Martin, Shatavia Morrison, Christopher Gulvick, Scott Sammons, Yvette Unoarumhi, Darlene Wagner, Matthew Schmerer, S. H. Rosenthal, A. Gerasimova, R. M. Kagan, B. Anderson, M. Hua, Y. Liu, L.E. Bernstein, K.E. Livingston, A. Perez, I. A. Shlyakhter, R. V. Rolando, R. Owen, P. Tanpaiboon, F. Lacbawan, Clinton R. Paden, Duncan MacCannell",Quest Diagnostics Incorporated,"Centers for Disease Control and Prevention   Division of Viral Diseases, Pathogen Discovery"
UPLOAD|hCoV-19/USA/FL-Miami-1207/2021|EPI_ISL_4563168|2021-07,hCoV-19/USA/OR-CDC-ASC210237138/2021,EPI_ISL_3848938,GK,AY.2,11.0,16.0,North America / USA / Oregon,2021-07-29,2021-09-01,"Dakota Howard,Dhwani Batra,Peter Cook,Kara Moser,Adrian Paskey,Jason Caravas,Benjamin Rambo-Martin,Shatavia Morrison,Christopher Gulvick,Scott Sammons,Yvette Unoarumhi,Darlene Wagner,Matthew Schmerer,Cyndi Clark,Patrick Campbell,Rob Case,Vikramsinha Ghorpade,Holly Houdeshell,Ola Kvalvaag,Dillon Nall,Ethan Sanders,Alec Vest,Shaun Westlund,Matthew Hardison,Clinton Paden,Duncan MacCannell",Aegis Sciences Corporation,"Centers for Disease Control and Prevention   Division of Viral Diseases, Pathogen Discovery"
UPLOAD|hCoV-19/USA/FL-Miami-1207/2021|EPI_ISL_4563168|2021-07,hCoV-19/USA/CA-CDC-QDX26075547/2021,EPI_ISL_2868824,GK,AY.2,11.0,16.0,North America / USA / California,2021-06-19,2021-07-09,"Dakota Howard, Dhwani Batra, Peter W. Cook, Kara Moser, Adrian Paskey, Jason Caravas, Benjamin Rambo-Martin, Shatavia Morrison, Christopher Gulvick, Scott Sammons, Yvette Unoarumhi, Darlene Wagner, Matthew Schmerer, S. H. Rosenthal, A. Gerasimova, R. M. Kagan, B. Anderson, M. Hua, Y. Liu, L.E. Bernstein, K.E. Livingston, A. Perez, I. A. Shlyakhter, R. V. Rolando, R. Owen, P. Tanpaiboon, F. Lacbawan, Clinton R. Paden, Duncan MacCannell",Quest Diagnostics Incorporated,"Centers for Disease Control and Prevention   Division of Viral Diseases, Pathogen Discovery"
UPLOAD|hCoV-19/USA/FL-Miami-1207/2021|EPI_ISL_4563168|2021-07,hCoV-19/USA/NV-CDC-QDX26075730/2021,EPI_ISL_2868860,GK,AY.2,11.0,16.0,North America / USA / Nevada,2021-06-21,2021-07-09,"Dakota Howard, Dhwani Batra, Peter W. Cook, Kara Moser, Adrian Paskey, Jason Caravas, Benjamin Rambo-Martin, Shatavia Morrison, Christopher Gulvick, Scott Sammons, Yvette Unoarumhi, Darlene Wagner, Matthew Schmerer, S. H. Rosenthal, A. Gerasimova, R. M. Kagan, B. Anderson, M. Hua, Y. Liu, L.E. Bernstein, K.E. Livingston, A. Perez, I. A. Shlyakhter, R. V. Rolando, R. Owen, P. Tanpaiboon, F. Lacbawan, Clinton R. Paden, Duncan MacCannell",Quest Diagnostics Incorporated,"Centers for Disease Control and Prevention   Division of Viral Diseases, Pathogen Discovery"
UPLOAD|hCoV-19/USA/FL-Miami-1207/2021|EPI_ISL_4563168|2021-07,hCoV-19/USA/NV-CDC-QDX26215267/2021,EPI_ISL_2874656,GK,AY.2,11.0,16.0,North America / USA / Nevada,2021-06-25,2021-07-09,"Dakota Howard, Dhwani Batra, Peter W. Cook, Kara Moser, Adrian Paskey, Jason Caravas, Benjamin Rambo-Martin, Shatavia Morrison, Christopher Gulvick, Scott Sammons, Yvette Unoarumhi, Darlene Wagner, Matthew Schmerer, S. H. Rosenthal, A. Gerasimova, R. M. Kagan, B. Anderson, M. Hua, Y. Liu, L.E. Bernstein, K.E. Livingston, A. Perez, I. A. Shlyakhter, R. V. Rolando, R. Owen, P. Tanpaiboon, F. Lacbawan, Clinton R. Paden, Duncan MacCannell",Quest Diagnostics Incorporated,"Centers for Disease Control and Prevention   Division of Viral Diseases, Pathogen Discovery"
UPLOAD|hCoV-19/USA/FL-Miami-1207/2021|EPI_ISL_4563168|2021-07,hCoV-19/USA/NV-CDC-QDX26531911/2021,EPI_ISL_3114335,GK,AY.2,11.0,16.0,North America / USA / Nevada,2021-07-06,2021-07-28,"Dakota Howard, Dhwani Batra, Peter W. Cook, Kara Moser, Adrian Paskey, Jason Caravas, Benjamin Rambo-Martin, Shatavia Morrison, Christopher Gulvick, Scott Sammons, Yvette Unoarumhi, Darlene Wagner, Matthew Schmerer, S. H. Rosenthal, A. Gerasimova, R. M. Kagan, B. Anderson, M. Hua, Y. Liu, L.E. Bernstein, K.E. Livingston, A. Perez, I. A. Shlyakhter, R. V. Rolando, R. Owen, P. Tanpaiboon, F. Lacbawan, Clinton R. Paden, Duncan MacCannell",Quest Diagnostics Incorporated,"Centers for Disease Control and Prevention   Division of Viral Diseases, Pathogen Discovery"
UPLOAD|hCoV-19/USA/FL-Miami-1207/2021|EPI_ISL_4563168|2021-07,hCoV-19/Canada/QC-L00364005001/2021,EPI_ISL_3459074,GK,AY.2,11.0,16.0,North America / Canada / Quebec,2021-06-19,2021-08-17,"Sandrine Moreira, Ioannis Ragoussis, Guillaume Bourque, Jesse Shapiro, Mark Lathrop and Michel Roger on behalf of the CoVSeQ research group",Laboratoire de santé publique du Québec,Laboratoire de santé publique du Québec
UPLOAD|hCoV-19/USA/FL-Miami-1207/2021|EPI_ISL_4563168|2021-07,hCoV-19/USA/CA-CDC-ASC210233313/2021,EPI_ISL_3842259,GK,AY.2,11.0,16.0,North America / USA / California,2021-07-28,2021-09-01,"Dakota Howard,Dhwani Batra,Peter Cook,Kara Moser,Adrian Paskey,Jason Caravas,Benjamin Rambo-Martin,Shatavia Morrison,Christopher Gulvick,Scott Sammons,Yvette Unoarumhi,Darlene Wagner,Matthew Schmerer,Cyndi Clark,Patrick Campbell,Rob Case,Vikramsinha Ghorpade,Holly Houdeshell,Ola Kvalvaag,Dillon Nall,Ethan Sanders,Alec Vest,Shaun Westlund,Matthew Hardison,Clinton Paden,Duncan MacCannell",Aegis Sciences Corporation,"Centers for Disease Control and Prevention   Division of Viral Diseases, Pathogen Discovery"
UPLOAD|hCoV-19/USA/FL-Miami-1207/2021|EPI_ISL_4563168|2021-07,hCoV-19/USA/CA-CDC-LC0126282/2021,EPI_ISL_4158918,GK,AY.2,11.0,16.0,North America / USA / California,2021-07-14,2021-09-13,"Dakota Howard,Dhwani Batra,Peter Cook,Kara Moser,Adrian Paskey,Jason Caravas,Benjamin Rambo-Martin,Shatavia Morrison,Christopher Gulvick,Scott Sammons,Yvette Unoarumhi,Darlene Wagner,Matthew Schmerer,Minoo Agarwal,Eyad Almasri,Debbie Boles,Ayla Burns,Nuthawin Charoensri,Oren Cohen,Susan Countryman,Mary Cristobal,Bobbi Croy,Suzanne Dale,Hrushikesh Deshmukh,Amanda Douglas,Vincent Drouillon,Marcia Eisenberg,Howard Engler,Rama Ghatti,Prashant Gupta,Susan Hicks,Jake Humphrey,Lax Iyer,Lisa Pfefferle,Manoj Jain,Matthew Robinson,Mohan Kolli,Brian Krueger,Tim Kuphal,Stanley Letovsky,Michael Levandoski,Craig Lukasik,Jonathan Meltzer,Brian Norvell,Mindy Nye,Scott Parker,Christos Petropoulos,John Pruitt,Steven Ragan,Scott Ryan,Mike Sapeta,Jana Schroth,Suresh Selvaraju,Goran Stevovic,Amanda Suchanek,Andrea Throop,Lyndon Tilson,Thomas Urban,Joe Voshell,Kimberly Wagner,Jonathan Williams,Mary Williamson,Qian Zeng,Tricia Zwiefelhofer,Clinton Paden,Duncan MacCannell",Laboratory Corporation of America,"Centers for Disease Control and Prevention   Division of Viral Diseases, Pathogen Discovery"
UPLOAD|hCoV-19/USA/FL-Miami-1207/2021|EPI_ISL_4563168|2021-07,hCoV-19/USA/CA-CDC-LC0126772/2021,EPI_ISL_4159002,GK,AY.2,11.0,16.0,North America / USA / California,2021-07-15,2021-09-13,"Dakota Howard,Dhwani Batra,Peter Cook,Kara Moser,Adrian Paskey,Jason Caravas,Benjamin Rambo-Martin,Shatavia Morrison,Christopher Gulvick,Scott Sammons,Yvette Unoarumhi,Darlene Wagner,Matthew Schmerer,Minoo Agarwal,Eyad Almasri,Debbie Boles,Ayla Burns,Nuthawin Charoensri,Oren Cohen,Susan Countryman,Mary Cristobal,Bobbi Croy,Suzanne Dale,Hrushikesh Deshmukh,Amanda Douglas,Vincent Drouillon,Marcia Eisenberg,Howard Engler,Rama Ghatti,Prashant Gupta,Susan Hicks,Jake Humphrey,Lax Iyer,Lisa Pfefferle,Manoj Jain,Matthew Robinson,Mohan Kolli,Brian Krueger,Tim Kuphal,Stanley Letovsky,Michael Levandoski,Craig Lukasik,Jonathan Meltzer,Brian Norvell,Mindy Nye,Scott Parker,Christos Petropoulos,John Pruitt,Steven Ragan,Scott Ryan,Mike Sapeta,Jana Schroth,Suresh Selvaraju,Goran Stevovic,Amanda Suchanek,Andrea Throop,Lyndon Tilson,Thomas Urban,Joe Voshell,Kimberly Wagner,Jonathan Williams,Mary Williamson,Qian Zeng,Tricia Zwiefelhofer,Clinton Paden,Duncan MacCannell",Laboratory Corporation of America,"Centers for Disease Control and Prevention   Division of Viral Diseases, Pathogen Discovery"
UPLOAD|hCoV-19/USA/FL-Miami-1207/2021|EPI_ISL_4563168|2021-07,hCoV-19/USA/AZ-CDC-LC0127758/2021,EPI_ISL_4159691,GK,AY.2,11.0,16.0,North America / USA / Arizona,2021-07-15,2021-09-13,"Dakota Howard,Dhwani Batra,Peter Cook,Kara Moser,Adrian Paskey,Jason Caravas,Benjamin Rambo-Martin,Shatavia Morrison,Christopher Gulvick,Scott Sammons,Yvette Unoarumhi,Darlene Wagner,Matthew Schmerer,Minoo Agarwal,Eyad Almasri,Debbie Boles,Ayla Burns,Nuthawin Charoensri,Oren Cohen,Susan Countryman,Mary Cristobal,Bobbi Croy,Suzanne Dale,Hrushikesh Deshmukh,Amanda Douglas,Vincent Drouillon,Marcia Eisenberg,Howard Engler,Rama Ghatti,Prashant Gupta,Susan Hicks,Jake Humphrey,Lax Iyer,Lisa Pfefferle,Manoj Jain,Matthew Robinson,Mohan Kolli,Brian Krueger,Tim Kuphal,Stanley Letovsky,Michael Levandoski,Craig Lukasik,Jonathan Meltzer,Brian Norvell,Mindy Nye,Scott Parker,Christos Petropoulos,John Pruitt,Steven Ragan,Scott Ryan,Mike Sapeta,Jana Schroth,Suresh Selvaraju,Goran Stevovic,Amanda Suchanek,Andrea Throop,Lyndon Tilson,Thomas Urban,Joe Voshell,Kimberly Wagner,Jonathan Williams,Mary Williamson,Qian Zeng,Tricia Zwiefelhofer,Clinton Paden,Duncan MacCannell",Laboratory Corporation of America,"Centers for Disease Control and Prevention   Division of Viral Diseases, Pathogen Discovery"
UPLOAD|hCoV-19/USA/FL-Miami-1207/2021|EPI_ISL_4563168|2021-07,hCoV-19/USA/AZ-CDC-LC0127596/2021,EPI_ISL_4159692,GK,AY.2,11.0,16.0,North America / USA / Arizona,2021-07-15,2021-09-13,"Dakota Howard,Dhwani Batra,Peter Cook,Kara Moser,Adrian Paskey,Jason Caravas,Benjamin Rambo-Martin,Shatavia Morrison,Christopher Gulvick,Scott Sammons,Yvette Unoarumhi,Darlene Wagner,Matthew Schmerer,Minoo Agarwal,Eyad Almasri,Debbie Boles,Ayla Burns,Nuthawin Charoensri,Oren Cohen,Susan Countryman,Mary Cristobal,Bobbi Croy,Suzanne Dale,Hrushikesh Deshmukh,Amanda Douglas,Vincent Drouillon,Marcia Eisenberg,Howard Engler,Rama Ghatti,Prashant Gupta,Susan Hicks,Jake Humphrey,Lax Iyer,Lisa Pfefferle,Manoj Jain,Matthew Robinson,Mohan Kolli,Brian Krueger,Tim Kuphal,Stanley Letovsky,Michael Levandoski,Craig Lukasik,Jonathan Meltzer,Brian Norvell,Mindy Nye,Scott Parker,Christos Petropoulos,John Pruitt,Steven Ragan,Scott Ryan,Mike Sapeta,Jana Schroth,Suresh Selvaraju,Goran Stevovic,Amanda Suchanek,Andrea Throop,Lyndon Tilson,Thomas Urban,Joe Voshell,Kimberly Wagner,Jonathan Williams,Mary Williamson,Qian Zeng,Tricia Zwiefelhofer,Clinton Paden,Duncan MacCannell",Laboratory Corporation of America,"Centers for Disease Control and Prevention   Division of Viral Diseases, Pathogen Discovery"
