uploaded,name,id,clade,lineage,mrca,distance,location,collect_date,submit_date,authors,orig_lab,submit_lab
UPLOAD|hCoV-19/USA/FL-CDC-IBX759184801445/2021|EPI_ISL_4541749|2021-09-10,hCoV-19/USA/CA-CDC-LC0146719/2021,EPI_ISL_3518087,GK,AY.1,9.0,9.0,North America / USA / California,2021-07-28,2021-08-20,"Dakota Howard,Dhwani Batra,Peter Cook,Kara Moser,Adrian Paskey,Jason Caravas,Benjamin Rambo-Martin,Shatavia Morrison,Christopher Gulvick,Scott Sammons,Yvette Unoarumhi,Darlene Wagner,Matthew Schmerer,Minoo Agarwal,Eyad Almasri,Debbie Boles,Ayla Burns,Nuthawin Charoensri,Oren Cohen,Susan Countryman,Mary Cristobal,Bobbi Croy,Suzanne Dale,Hrushikesh Deshmukh,Amanda Douglas,Vincent Drouillon,Marcia Eisenberg,Howard Engler,Rama Ghatti,Prashant Gupta,Susan Hicks,Jake Humphrey,Lax Iyer,Lisa Pfefferle,Manoj Jain,Matthew Robinson,Mohan Kolli,Brian Krueger,Tim Kuphal,Stanley Letovsky,Michael Levandoski,Craig Lukasik,Jonathan Meltzer,Brian Norvell,Mindy Nye,Scott Parker,Christos Petropoulos,John Pruitt,Steven Ragan,Scott Ryan,Mike Sapeta,Jana Schroth,Suresh Selvaraju,Goran Stevovic,Amanda Suchanek,Andrea Throop,Lyndon Tilson,Thomas Urban,Joe Voshell,Kimberly Wagner,Jonathan Williams,Mary Williamson,Qian Zeng,Tricia Zwiefelhofer,Clinton Paden,Duncan MacCannell",Laboratory Corporation of America,"Centers for Disease Control and Prevention   Division of Viral Diseases, Pathogen Discovery"
UPLOAD|hCoV-19/USA/FL-CDC-IBX759184801445/2021|EPI_ISL_4541749|2021-09-10,hCoV-19/USA/CA-CDC-LC0146924/2021,EPI_ISL_3518016,GK,AY.1,9.0,9.0,North America / USA / California,2021-07-27,2021-08-20,"Dakota Howard,Dhwani Batra,Peter Cook,Kara Moser,Adrian Paskey,Jason Caravas,Benjamin Rambo-Martin,Shatavia Morrison,Christopher Gulvick,Scott Sammons,Yvette Unoarumhi,Darlene Wagner,Matthew Schmerer,Minoo Agarwal,Eyad Almasri,Debbie Boles,Ayla Burns,Nuthawin Charoensri,Oren Cohen,Susan Countryman,Mary Cristobal,Bobbi Croy,Suzanne Dale,Hrushikesh Deshmukh,Amanda Douglas,Vincent Drouillon,Marcia Eisenberg,Howard Engler,Rama Ghatti,Prashant Gupta,Susan Hicks,Jake Humphrey,Lax Iyer,Lisa Pfefferle,Manoj Jain,Matthew Robinson,Mohan Kolli,Brian Krueger,Tim Kuphal,Stanley Letovsky,Michael Levandoski,Craig Lukasik,Jonathan Meltzer,Brian Norvell,Mindy Nye,Scott Parker,Christos Petropoulos,John Pruitt,Steven Ragan,Scott Ryan,Mike Sapeta,Jana Schroth,Suresh Selvaraju,Goran Stevovic,Amanda Suchanek,Andrea Throop,Lyndon Tilson,Thomas Urban,Joe Voshell,Kimberly Wagner,Jonathan Williams,Mary Williamson,Qian Zeng,Tricia Zwiefelhofer,Clinton Paden,Duncan MacCannell",Laboratory Corporation of America,"Centers for Disease Control and Prevention   Division of Viral Diseases, Pathogen Discovery"
UPLOAD|hCoV-19/USA/FL-CDC-IBX759184801445/2021|EPI_ISL_4541749|2021-09-10,hCoV-19/USA/CA-CDC-LC0159150/2021,EPI_ISL_3607557,GK,AY.1,9.0,9.0,North America / USA / California,2021-07-31,2021-08-23,"Dakota Howard,Dhwani Batra,Peter Cook,Kara Moser,Adrian Paskey,Jason Caravas,Benjamin Rambo-Martin,Shatavia Morrison,Christopher Gulvick,Scott Sammons,Yvette Unoarumhi,Darlene Wagner,Matthew Schmerer,Minoo Agarwal,Eyad Almasri,Debbie Boles,Ayla Burns,Nuthawin Charoensri,Oren Cohen,Susan Countryman,Mary Cristobal,Bobbi Croy,Suzanne Dale,Hrushikesh Deshmukh,Amanda Douglas,Vincent Drouillon,Marcia Eisenberg,Howard Engler,Rama Ghatti,Prashant Gupta,Susan Hicks,Jake Humphrey,Lax Iyer,Lisa Pfefferle,Manoj Jain,Matthew Robinson,Mohan Kolli,Brian Krueger,Tim Kuphal,Stanley Letovsky,Michael Levandoski,Craig Lukasik,Jonathan Meltzer,Brian Norvell,Mindy Nye,Scott Parker,Christos Petropoulos,John Pruitt,Steven Ragan,Scott Ryan,Mike Sapeta,Jana Schroth,Suresh Selvaraju,Goran Stevovic,Amanda Suchanek,Andrea Throop,Lyndon Tilson,Thomas Urban,Joe Voshell,Kimberly Wagner,Jonathan Williams,Mary Williamson,Qian Zeng,Tricia Zwiefelhofer,Clinton Paden,Duncan MacCannell",Laboratory Corporation of America,"Centers for Disease Control and Prevention   Division of Viral Diseases, Pathogen Discovery"
UPLOAD|hCoV-19/USA/FL-CDC-IBX759184801445/2021|EPI_ISL_4541749|2021-09-10,hCoV-19/USA/NJ-CDC-LC0165376/2021,EPI_ISL_3684738,GK,AY.1,9.0,9.0,North America / USA / New Jersey,2021-08-06,2021-08-25,"Dakota Howard,Dhwani Batra,Peter Cook,Kara Moser,Adrian Paskey,Jason Caravas,Benjamin Rambo-Martin,Shatavia Morrison,Christopher Gulvick,Scott Sammons,Yvette Unoarumhi,Darlene Wagner,Matthew Schmerer,Minoo Agarwal,Eyad Almasri,Debbie Boles,Ayla Burns,Nuthawin Charoensri,Oren Cohen,Susan Countryman,Mary Cristobal,Bobbi Croy,Suzanne Dale,Hrushikesh Deshmukh,Amanda Douglas,Vincent Drouillon,Marcia Eisenberg,Howard Engler,Rama Ghatti,Prashant Gupta,Susan Hicks,Jake Humphrey,Lax Iyer,Lisa Pfefferle,Manoj Jain,Matthew Robinson,Mohan Kolli,Brian Krueger,Tim Kuphal,Stanley Letovsky,Michael Levandoski,Craig Lukasik,Jonathan Meltzer,Brian Norvell,Mindy Nye,Scott Parker,Christos Petropoulos,John Pruitt,Steven Ragan,Scott Ryan,Mike Sapeta,Jana Schroth,Suresh Selvaraju,Goran Stevovic,Amanda Suchanek,Andrea Throop,Lyndon Tilson,Thomas Urban,Joe Voshell,Kimberly Wagner,Jonathan Williams,Mary Williamson,Qian Zeng,Tricia Zwiefelhofer,Clinton Paden,Duncan MacCannell",Laboratory Corporation of America,"Centers for Disease Control and Prevention   Division of Viral Diseases, Pathogen Discovery"
UPLOAD|hCoV-19/USA/FL-CDC-IBX759184801445/2021|EPI_ISL_4541749|2021-09-10,hCoV-19/USA/CA-CDC-QDX27568749/2021,EPI_ISL_3720125,GK,AY.1,9.0,9.0,North America / USA / California,2021-08-05,2021-08-26,"Dakota Howard,Dhwani Batra,Peter Cook,Kara Moser,Adrian Paskey,Jason Caravas,Benjamin Rambo-Martin,Shatavia Morrison,Christopher Gulvick, Sammons,Scott ,Yvette Unoarumhi,Darlene Wagner,Matthew Schmerer,S. Rosenthal,A. Gerasimova,R. Kagan,B. Anderson,M. Hua,Y. Liu,L. Bernstein,K. Livingston,A. Perez,I. Shlyakhter,R. Rolando,R. Owen,P. Tanpaiboon,F. Lacbawan,Clinton Paden,Duncan MacCannell",Quest Diagnostics Incorporated,"Centers for Disease Control and Prevention   Division of Viral Diseases, Pathogen Discovery"
UPLOAD|hCoV-19/USA/FL-CDC-IBX759184801445/2021|EPI_ISL_4541749|2021-09-10,hCoV-19/USA/CA-CDC-LC0181005/2021,EPI_ISL_3749851,GK,AY.1,9.0,9.0,North America / USA / California,2021-08-07,2021-08-27,"Dakota Howard,Dhwani Batra,Peter Cook,Kara Moser,Adrian Paskey,Jason Caravas,Benjamin Rambo-Martin,Shatavia Morrison,Christopher Gulvick,Scott Sammons,Yvette Unoarumhi,Darlene Wagner,Matthew Schmerer,Minoo Agarwal,Eyad Almasri,Debbie Boles,Ayla Burns,Nuthawin Charoensri,Oren Cohen,Susan Countryman,Mary Cristobal,Bobbi Croy,Suzanne Dale,Hrushikesh Deshmukh,Amanda Douglas,Vincent Drouillon,Marcia Eisenberg,Howard Engler,Rama Ghatti,Prashant Gupta,Susan Hicks,Jake Humphrey,Lax Iyer,Lisa Pfefferle,Manoj Jain,Matthew Robinson,Mohan Kolli,Brian Krueger,Tim Kuphal,Stanley Letovsky,Michael Levandoski,Craig Lukasik,Jonathan Meltzer,Brian Norvell,Mindy Nye,Scott Parker,Christos Petropoulos,John Pruitt,Steven Ragan,Scott Ryan,Mike Sapeta,Jana Schroth,Suresh Selvaraju,Goran Stevovic,Amanda Suchanek,Andrea Throop,Lyndon Tilson,Thomas Urban,Joe Voshell,Kimberly Wagner,Jonathan Williams,Mary Williamson,Qian Zeng,Tricia Zwiefelhofer,Clinton Paden,Duncan MacCannell",Laboratory Corporation of America,"Centers for Disease Control and Prevention   Division of Viral Diseases, Pathogen Discovery"
UPLOAD|hCoV-19/USA/FL-CDC-IBX759184801445/2021|EPI_ISL_4541749|2021-09-10,hCoV-19/USA/CA-CDC-LC0189653/2021,EPI_ISL_3751891,GK,AY.1,9.0,9.0,North America / USA / California,2021-07-26,2021-08-27,"Dakota Howard,Dhwani Batra,Peter Cook,Kara Moser,Adrian Paskey,Jason Caravas,Benjamin Rambo-Martin,Shatavia Morrison,Christopher Gulvick,Scott Sammons,Yvette Unoarumhi,Darlene Wagner,Matthew Schmerer,Minoo Agarwal,Eyad Almasri,Debbie Boles,Ayla Burns,Nuthawin Charoensri,Oren Cohen,Susan Countryman,Mary Cristobal,Bobbi Croy,Suzanne Dale,Hrushikesh Deshmukh,Amanda Douglas,Vincent Drouillon,Marcia Eisenberg,Howard Engler,Rama Ghatti,Prashant Gupta,Susan Hicks,Jake Humphrey,Lax Iyer,Lisa Pfefferle,Manoj Jain,Matthew Robinson,Mohan Kolli,Brian Krueger,Tim Kuphal,Stanley Letovsky,Michael Levandoski,Craig Lukasik,Jonathan Meltzer,Brian Norvell,Mindy Nye,Scott Parker,Christos Petropoulos,John Pruitt,Steven Ragan,Scott Ryan,Mike Sapeta,Jana Schroth,Suresh Selvaraju,Goran Stevovic,Amanda Suchanek,Andrea Throop,Lyndon Tilson,Thomas Urban,Joe Voshell,Kimberly Wagner,Jonathan Williams,Mary Williamson,Qian Zeng,Tricia Zwiefelhofer,Clinton Paden,Duncan MacCannell",Laboratory Corporation of America,"Centers for Disease Control and Prevention   Division of Viral Diseases, Pathogen Discovery"
UPLOAD|hCoV-19/USA/FL-CDC-IBX759184801445/2021|EPI_ISL_4541749|2021-09-10,hCoV-19/USA/CA-CDC-ASC210241976/2021,EPI_ISL_3817305,GK,AY.1,9.0,9.0,North America / USA / California,2021-07-21,2021-08-31,"Dakota Howard,Dhwani Batra,Peter Cook,Kara Moser,Adrian Paskey,Jason Caravas,Benjamin Rambo-Martin,Shatavia Morrison,Christopher Gulvick,Scott Sammons,Yvette Unoarumhi,Darlene Wagner,Matthew Schmerer,Cyndi Clark,Patrick Campbell,Rob Case,Vikramsinha Ghorpade,Holly Houdeshell,Ola Kvalvaag,Dillon Nall,Ethan Sanders,Alec Vest,Shaun Westlund,Matthew Hardison,Clinton Paden,Duncan MacCannell",Aegis Sciences Corporation,"Centers for Disease Control and Prevention   Division of Viral Diseases, Pathogen Discovery"
UPLOAD|hCoV-19/USA/FL-CDC-IBX759184801445/2021|EPI_ISL_4541749|2021-09-10,hCoV-19/USA/CA-CDC-QDX27470335/2021,EPI_ISL_3823370,GK,AY.1,9.0,9.0,North America / USA / California,2021-07-31,2021-08-31,"Dakota Howard,Dhwani Batra,Peter Cook,Kara Moser,Adrian Paskey,Jason Caravas,Benjamin Rambo-Martin,Shatavia Morrison,Christopher Gulvick, Sammons,Scott ,Yvette Unoarumhi,Darlene Wagner,Matthew Schmerer,S. Rosenthal,A. Gerasimova,R. Kagan,B. Anderson,M. Hua,Y. Liu,L. Bernstein,K. Livingston,A. Perez,I. Shlyakhter,R. Rolando,R. Owen,P. Tanpaiboon,F. Lacbawan,Clinton Paden,Duncan MacCannell",Quest Diagnostics Incorporated,"Centers for Disease Control and Prevention   Division of Viral Diseases, Pathogen Discovery"
UPLOAD|hCoV-19/USA/FL-CDC-IBX759184801445/2021|EPI_ISL_4541749|2021-09-10,hCoV-19/USA/IA-CDC-ASC210186960/2021,EPI_ISL_3859719,GK,AY.1,9.0,9.0,North America / USA / Iowa,2021-08-08,2021-09-01,"Dakota Howard,Dhwani Batra,Peter Cook,Kara Moser,Adrian Paskey,Jason Caravas,Benjamin Rambo-Martin,Shatavia Morrison,Christopher Gulvick,Scott Sammons,Yvette Unoarumhi,Darlene Wagner,Matthew Schmerer,Cyndi Clark,Patrick Campbell,Rob Case,Vikramsinha Ghorpade,Holly Houdeshell,Ola Kvalvaag,Dillon Nall,Ethan Sanders,Alec Vest,Shaun Westlund,Matthew Hardison,Clinton Paden,Duncan MacCannell",Aegis Sciences Corporation,"Centers for Disease Control and Prevention   Division of Viral Diseases, Pathogen Discovery"
UPLOAD|hCoV-19/USA/FL-CDC-IBX759184801445/2021|EPI_ISL_4541749|2021-09-10,hCoV-19/USA/CA-CDC-ASC210270191/2021,EPI_ISL_3856505,GK,AY.1,9.0,9.0,North America / USA / California,2021-08-03,2021-09-01,"Dakota Howard,Dhwani Batra,Peter Cook,Kara Moser,Adrian Paskey,Jason Caravas,Benjamin Rambo-Martin,Shatavia Morrison,Christopher Gulvick,Scott Sammons,Yvette Unoarumhi,Darlene Wagner,Matthew Schmerer,Cyndi Clark,Patrick Campbell,Rob Case,Vikramsinha Ghorpade,Holly Houdeshell,Ola Kvalvaag,Dillon Nall,Ethan Sanders,Alec Vest,Shaun Westlund,Matthew Hardison,Clinton Paden,Duncan MacCannell",Aegis Sciences Corporation,"Centers for Disease Control and Prevention   Division of Viral Diseases, Pathogen Discovery"
UPLOAD|hCoV-19/USA/FL-CDC-IBX759184801445/2021|EPI_ISL_4541749|2021-09-10,hCoV-19/USA/CA-CDC-ASC210201847/2021,EPI_ISL_3849931,GK,AY.1,9.0,9.0,North America / USA / California,2021-07-30,2021-09-01,"Dakota Howard,Dhwani Batra,Peter Cook,Kara Moser,Adrian Paskey,Jason Caravas,Benjamin Rambo-Martin,Shatavia Morrison,Christopher Gulvick,Scott Sammons,Yvette Unoarumhi,Darlene Wagner,Matthew Schmerer,Cyndi Clark,Patrick Campbell,Rob Case,Vikramsinha Ghorpade,Holly Houdeshell,Ola Kvalvaag,Dillon Nall,Ethan Sanders,Alec Vest,Shaun Westlund,Matthew Hardison,Clinton Paden,Duncan MacCannell",Aegis Sciences Corporation,"Centers for Disease Control and Prevention   Division of Viral Diseases, Pathogen Discovery"
UPLOAD|hCoV-19/USA/FL-CDC-IBX759184801445/2021|EPI_ISL_4541749|2021-09-10,hCoV-19/USA/CA-CDC-ASC210233875/2021,EPI_ISL_3842094,GK,AY.1,9.0,9.0,North America / USA / California,2021-07-27,2021-09-01,"Dakota Howard,Dhwani Batra,Peter Cook,Kara Moser,Adrian Paskey,Jason Caravas,Benjamin Rambo-Martin,Shatavia Morrison,Christopher Gulvick,Scott Sammons,Yvette Unoarumhi,Darlene Wagner,Matthew Schmerer,Cyndi Clark,Patrick Campbell,Rob Case,Vikramsinha Ghorpade,Holly Houdeshell,Ola Kvalvaag,Dillon Nall,Ethan Sanders,Alec Vest,Shaun Westlund,Matthew Hardison,Clinton Paden,Duncan MacCannell",Aegis Sciences Corporation,"Centers for Disease Control and Prevention   Division of Viral Diseases, Pathogen Discovery"
UPLOAD|hCoV-19/USA/FL-CDC-IBX759184801445/2021|EPI_ISL_4541749|2021-09-10,hCoV-19/USA/UT-UPHL-210901823537/2021,EPI_ISL_3904874,GK,AY.1,9.0,9.0,North America / USA / Utah,2021-07-27,2021-09-02,"Erin L. Young, Kelly F. Oakeson, Pooja Gupta, John Arnn, Olinto Linares-Perdomo",Utah Public Health Laboratory,Utah Public Health Laboratory
UPLOAD|hCoV-19/USA/FL-CDC-IBX759184801445/2021|EPI_ISL_4541749|2021-09-10,hCoV-19/USA/CA-UCSF-JD1135/2021,EPI_ISL_3907685,GK,AY.1,9.0,9.0,North America / USA / California / San Francisco County,2021-08-02,2021-09-02,"Anthea Mitchell, Grace Wang, Jamin Liu, Jackie Martinez, Sabrina Mann, Matthias Hapte-Selassie, Sara Sunshine, Matthew Laurie, Genay Pilarowski, Amy Kistler, Manu Vanaerschot, Patrick Ayscue, Lucy Li, Eric Chow, IDseq Team, James Peng, Carina Marquez, Luis Rubio, Gabriel Chamie, Diane Jones, Jon Jacobo, Susana Rojas, Susy Rojas, Valerie Tulier-Laiwa, Douglas Black, Jackie Martinez, Maya Petersen, Diane Havlir, and Joseph DeRisi","DeRisi Lab, University of California, San Francisco","DeRisi Lab, University of California, San Francisco"
UPLOAD|hCoV-19/USA/FL-CDC-IBX759184801445/2021|EPI_ISL_4541749|2021-09-10,hCoV-19/USA/CA-UCSF-JD1174/2021,EPI_ISL_3907706,GK,AY.1,9.0,9.0,North America / USA / California / San Francisco County,2021-08-07,2021-09-02,"Anthea Mitchell, Grace Wang, Jamin Liu, Jackie Martinez, Sabrina Mann, Matthias Hapte-Selassie, Sara Sunshine, Matthew Laurie, Genay Pilarowski, Amy Kistler, Manu Vanaerschot, Patrick Ayscue, Lucy Li, Eric Chow, IDseq Team, James Peng, Carina Marquez, Luis Rubio, Gabriel Chamie, Diane Jones, Jon Jacobo, Susana Rojas, Susy Rojas, Valerie Tulier-Laiwa, Douglas Black, Jackie Martinez, Maya Petersen, Diane Havlir, and Joseph DeRisi","DeRisi Lab, University of California, San Francisco","DeRisi Lab, University of California, San Francisco"
UPLOAD|hCoV-19/USA/FL-CDC-IBX759184801445/2021|EPI_ISL_4541749|2021-09-10,hCoV-19/Costa Rica/HNN-1018/2021,EPI_ISL_3761791,GK,AY.1,9.0,9.0,North America / Costa Rica / San Jose / San Jose,2021-08-09,2021-08-28,Cristian Pérez-Corrales & Valeria Peralta-Barquero,HOSPITAL NACIONAL DE NIÑOS,"Inciensa, Instituto Costarricense de Investigación y Enseñanza en Nutrición y Salud"
UPLOAD|hCoV-19/USA/FL-CDC-IBX759184801445/2021|EPI_ISL_4541749|2021-09-10,hCoV-19/USA/CA-CDC-ASC210277591/2021,EPI_ISL_4056972,GK,AY.1,9.0,9.0,North America / USA / California,2021-08-04,2021-09-09,"Dakota Howard,Dhwani Batra,Peter Cook,Kara Moser,Adrian Paskey,Jason Caravas,Benjamin Rambo-Martin,Shatavia Morrison,Christopher Gulvick,Scott Sammons,Yvette Unoarumhi,Darlene Wagner,Matthew Schmerer,Cyndi Clark,Patrick Campbell,Rob Case,Vikramsinha Ghorpade,Holly Houdeshell,Ola Kvalvaag,Dillon Nall,Ethan Sanders,Alec Vest,Shaun Westlund,Matthew Hardison,Clinton Paden,Duncan MacCannell",Aegis Sciences Corporation,"Centers for Disease Control and Prevention   Division of Viral Diseases, Pathogen Discovery"
UPLOAD|hCoV-19/USA/FL-CDC-IBX759184801445/2021|EPI_ISL_4541749|2021-09-10,hCoV-19/USA/CA-CDC-LC0202903/2021,EPI_ISL_4152557,GK,AY.1,9.0,9.0,North America / USA / California,2021-08-06,2021-09-13,"Dakota Howard,Dhwani Batra,Peter Cook,Kara Moser,Adrian Paskey,Jason Caravas,Benjamin Rambo-Martin,Shatavia Morrison,Christopher Gulvick,Scott Sammons,Yvette Unoarumhi,Darlene Wagner,Matthew Schmerer,Minoo Agarwal,Eyad Almasri,Debbie Boles,Ayla Burns,Nuthawin Charoensri,Oren Cohen,Susan Countryman,Mary Cristobal,Bobbi Croy,Suzanne Dale,Hrushikesh Deshmukh,Amanda Douglas,Vincent Drouillon,Marcia Eisenberg,Howard Engler,Rama Ghatti,Prashant Gupta,Susan Hicks,Jake Humphrey,Lax Iyer,Lisa Pfefferle,Manoj Jain,Matthew Robinson,Mohan Kolli,Brian Krueger,Tim Kuphal,Stanley Letovsky,Michael Levandoski,Craig Lukasik,Jonathan Meltzer,Brian Norvell,Mindy Nye,Scott Parker,Christos Petropoulos,John Pruitt,Steven Ragan,Scott Ryan,Mike Sapeta,Jana Schroth,Suresh Selvaraju,Goran Stevovic,Amanda Suchanek,Andrea Throop,Lyndon Tilson,Thomas Urban,Joe Voshell,Kimberly Wagner,Jonathan Williams,Mary Williamson,Qian Zeng,Tricia Zwiefelhofer,Clinton Paden,Duncan MacCannell",Laboratory Corporation of America,"Centers for Disease Control and Prevention   Division of Viral Diseases, Pathogen Discovery"
UPLOAD|hCoV-19/USA/FL-CDC-IBX759184801445/2021|EPI_ISL_4541749|2021-09-10,hCoV-19/USA/WA-CDC-LC0200463/2021,EPI_ISL_4153760,GK,AY.1,9.0,9.0,North America / USA / Washington,2021-08-03,2021-09-13,"Dakota Howard,Dhwani Batra,Peter Cook,Kara Moser,Adrian Paskey,Jason Caravas,Benjamin Rambo-Martin,Shatavia Morrison,Christopher Gulvick,Scott Sammons,Yvette Unoarumhi,Darlene Wagner,Matthew Schmerer,Minoo Agarwal,Eyad Almasri,Debbie Boles,Ayla Burns,Nuthawin Charoensri,Oren Cohen,Susan Countryman,Mary Cristobal,Bobbi Croy,Suzanne Dale,Hrushikesh Deshmukh,Amanda Douglas,Vincent Drouillon,Marcia Eisenberg,Howard Engler,Rama Ghatti,Prashant Gupta,Susan Hicks,Jake Humphrey,Lax Iyer,Lisa Pfefferle,Manoj Jain,Matthew Robinson,Mohan Kolli,Brian Krueger,Tim Kuphal,Stanley Letovsky,Michael Levandoski,Craig Lukasik,Jonathan Meltzer,Brian Norvell,Mindy Nye,Scott Parker,Christos Petropoulos,John Pruitt,Steven Ragan,Scott Ryan,Mike Sapeta,Jana Schroth,Suresh Selvaraju,Goran Stevovic,Amanda Suchanek,Andrea Throop,Lyndon Tilson,Thomas Urban,Joe Voshell,Kimberly Wagner,Jonathan Williams,Mary Williamson,Qian Zeng,Tricia Zwiefelhofer,Clinton Paden,Duncan MacCannell",Laboratory Corporation of America,"Centers for Disease Control and Prevention   Division of Viral Diseases, Pathogen Discovery"
UPLOAD|hCoV-19/USA/FL-CDC-IBX759184801445/2021|EPI_ISL_4541749|2021-09-10,hCoV-19/USA/CA-CDC-LC0209348/2021,EPI_ISL_4162398,GK,AY.1,9.0,9.0,North America / USA / California,2021-08-10,2021-09-13,"Dakota Howard,Dhwani Batra,Peter Cook,Kara Moser,Adrian Paskey,Jason Caravas,Benjamin Rambo-Martin,Shatavia Morrison,Christopher Gulvick,Scott Sammons,Yvette Unoarumhi,Darlene Wagner,Matthew Schmerer,Minoo Agarwal,Eyad Almasri,Debbie Boles,Ayla Burns,Nuthawin Charoensri,Oren Cohen,Susan Countryman,Mary Cristobal,Bobbi Croy,Suzanne Dale,Hrushikesh Deshmukh,Amanda Douglas,Vincent Drouillon,Marcia Eisenberg,Howard Engler,Rama Ghatti,Prashant Gupta,Susan Hicks,Jake Humphrey,Lax Iyer,Lisa Pfefferle,Manoj Jain,Matthew Robinson,Mohan Kolli,Brian Krueger,Tim Kuphal,Stanley Letovsky,Michael Levandoski,Craig Lukasik,Jonathan Meltzer,Brian Norvell,Mindy Nye,Scott Parker,Christos Petropoulos,John Pruitt,Steven Ragan,Scott Ryan,Mike Sapeta,Jana Schroth,Suresh Selvaraju,Goran Stevovic,Amanda Suchanek,Andrea Throop,Lyndon Tilson,Thomas Urban,Joe Voshell,Kimberly Wagner,Jonathan Williams,Mary Williamson,Qian Zeng,Tricia Zwiefelhofer,Clinton Paden,Duncan MacCannell",Laboratory Corporation of America,"Centers for Disease Control and Prevention   Division of Viral Diseases, Pathogen Discovery"
UPLOAD|hCoV-19/USA/FL-CDC-IBX759184801445/2021|EPI_ISL_4541749|2021-09-10,hCoV-19/USA/SD-CDC-2-4849717/2021,EPI_ISL_4201377,GK,AY.1,9.0,9.0,North America / USA / South Dakota,2021-08-26,2021-09-15,"Mili Sheth,Sarah Nobles,Jasmine Padilla,Alex Burgin,Meghan Bentz,Mark Burroughs,Peter Cook,Clinton Paden,Dhwani Batra,Krista Queen,Kristen Knipe,Dakota Howard,Yvette Unoarumhi,Matthew Schmerer,Ben Rambo-Martin,Kristine Lacek,Sam Shepard,Dave Wentworth,Vivien Dugan,Suxiang Tong,Justin Lee",SD Public Health Laboratory,"Centers for Disease Control and Prevention   Division of Viral Diseases, Pathogen Discovery"
UPLOAD|hCoV-19/USA/FL-CDC-IBX759184801445/2021|EPI_ISL_4541749|2021-09-10,hCoV-19/USA/CA-CDC-LC0202474/2021,EPI_ISL_4152737,GK,AY.1,9.0,10.0,North America / USA / California,2021-08-07,2021-09-13,"Dakota Howard,Dhwani Batra,Peter Cook,Kara Moser,Adrian Paskey,Jason Caravas,Benjamin Rambo-Martin,Shatavia Morrison,Christopher Gulvick,Scott Sammons,Yvette Unoarumhi,Darlene Wagner,Matthew Schmerer,Minoo Agarwal,Eyad Almasri,Debbie Boles,Ayla Burns,Nuthawin Charoensri,Oren Cohen,Susan Countryman,Mary Cristobal,Bobbi Croy,Suzanne Dale,Hrushikesh Deshmukh,Amanda Douglas,Vincent Drouillon,Marcia Eisenberg,Howard Engler,Rama Ghatti,Prashant Gupta,Susan Hicks,Jake Humphrey,Lax Iyer,Lisa Pfefferle,Manoj Jain,Matthew Robinson,Mohan Kolli,Brian Krueger,Tim Kuphal,Stanley Letovsky,Michael Levandoski,Craig Lukasik,Jonathan Meltzer,Brian Norvell,Mindy Nye,Scott Parker,Christos Petropoulos,John Pruitt,Steven Ragan,Scott Ryan,Mike Sapeta,Jana Schroth,Suresh Selvaraju,Goran Stevovic,Amanda Suchanek,Andrea Throop,Lyndon Tilson,Thomas Urban,Joe Voshell,Kimberly Wagner,Jonathan Williams,Mary Williamson,Qian Zeng,Tricia Zwiefelhofer,Clinton Paden,Duncan MacCannell",Laboratory Corporation of America,"Centers for Disease Control and Prevention   Division of Viral Diseases, Pathogen Discovery"
UPLOAD|hCoV-19/USA/FL-CDC-IBX759184801445/2021|EPI_ISL_4541749|2021-09-10,hCoV-19/USA/CA-SEARCH-48485/2021,EPI_ISL_3937091,GK,AY.1,9.0,10.0,North America / USA / California / San Diego,2021-08-13,2021-09-03,"David Pride, Sharon Reed, Chip Schooley, Angela Scioscia, Natasha Martin Cheryl Anderson, Sawyer Farmer, Abigail Schnapper, Helena Tubb, Tommy Valles + SEARCH",EXCITE Lab,Andersen lab at Scripps Research
UPLOAD|hCoV-19/USA/FL-CDC-IBX759184801445/2021|EPI_ISL_4541749|2021-09-10,hCoV-19/USA/CO-CDC-MMB09582714/2021,EPI_ISL_4259785,GK,AY.1,9.0,10.0,North America / USA / Colorado,2021-08-04,2021-09-17,"Dakota Howard,Dhwani Batra,Peter Cook,Jason Caravas,Benjamin Rambo-Martin,Scott Sammons,Yvette Unoarumhi,Matthew Schmerer,Kristine Lacek,Tymeckia Kendall,Victoria Caban Figueroa,Shatavia Morrison,Christopher Gulvick,Erisa Sula,Matthew Tugwell,Lauren Moon,Clinton Paden,Duncan MacCannell",Mako Medical,"Centers for Disease Control and Prevention   Division of Viral Diseases, Pathogen Discovery"
UPLOAD|hCoV-19/USA/FL-CDC-IBX759184801445/2021|EPI_ISL_4541749|2021-09-10,hCoV-19/USA/CA-UCSF-JD1202/2021,EPI_ISL_3907726,GK,AY.1,9.0,10.0,North America / USA / California / San Francisco County,2021-08-08,2021-09-02,"Anthea Mitchell, Grace Wang, Jamin Liu, Jackie Martinez, Sabrina Mann, Matthias Hapte-Selassie, Sara Sunshine, Matthew Laurie, Genay Pilarowski, Amy Kistler, Manu Vanaerschot, Patrick Ayscue, Lucy Li, Eric Chow, IDseq Team, James Peng, Carina Marquez, Luis Rubio, Gabriel Chamie, Diane Jones, Jon Jacobo, Susana Rojas, Susy Rojas, Valerie Tulier-Laiwa, Douglas Black, Jackie Martinez, Maya Petersen, Diane Havlir, and Joseph DeRisi","DeRisi Lab, University of California, San Francisco","DeRisi Lab, University of California, San Francisco"
UPLOAD|hCoV-19/USA/FL-CDC-IBX759184801445/2021|EPI_ISL_4541749|2021-09-10,hCoV-19/USA/CA-SCPHL-21WGS0370/2021,EPI_ISL_4296213,GK,AY.1,9.0,10.0,North America / USA / California / Sonoma County,2021-08-18,2021-09-18,"Rachel Rees,  Lisa Critchett, Carlos Gonzalez,  Iryna Goraichuk",Providence Santa Rosa Memorial Hospital Lab,Sonoma County Public Health Laboratory
UPLOAD|hCoV-19/USA/FL-CDC-IBX759184801445/2021|EPI_ISL_4541749|2021-09-10,hCoV-19/USA/CA-CDC-ASC210204006/2021,EPI_ISL_3849572,GK,AY.1,9.0,10.0,North America / USA / California,2021-07-31,2021-09-01,"Dakota Howard,Dhwani Batra,Peter Cook,Kara Moser,Adrian Paskey,Jason Caravas,Benjamin Rambo-Martin,Shatavia Morrison,Christopher Gulvick,Scott Sammons,Yvette Unoarumhi,Darlene Wagner,Matthew Schmerer,Cyndi Clark,Patrick Campbell,Rob Case,Vikramsinha Ghorpade,Holly Houdeshell,Ola Kvalvaag,Dillon Nall,Ethan Sanders,Alec Vest,Shaun Westlund,Matthew Hardison,Clinton Paden,Duncan MacCannell",Aegis Sciences Corporation,"Centers for Disease Control and Prevention   Division of Viral Diseases, Pathogen Discovery"
UPLOAD|hCoV-19/USA/FL-CDC-IBX759184801445/2021|EPI_ISL_4541749|2021-09-10,hCoV-19/USA/CA-CDC-LC0211053/2021,EPI_ISL_4163279,GK,AY.1,9.0,10.0,North America / USA / California,2021-08-19,2021-09-13,"Dakota Howard,Dhwani Batra,Peter Cook,Kara Moser,Adrian Paskey,Jason Caravas,Benjamin Rambo-Martin,Shatavia Morrison,Christopher Gulvick,Scott Sammons,Yvette Unoarumhi,Darlene Wagner,Matthew Schmerer,Minoo Agarwal,Eyad Almasri,Debbie Boles,Ayla Burns,Nuthawin Charoensri,Oren Cohen,Susan Countryman,Mary Cristobal,Bobbi Croy,Suzanne Dale,Hrushikesh Deshmukh,Amanda Douglas,Vincent Drouillon,Marcia Eisenberg,Howard Engler,Rama Ghatti,Prashant Gupta,Susan Hicks,Jake Humphrey,Lax Iyer,Lisa Pfefferle,Manoj Jain,Matthew Robinson,Mohan Kolli,Brian Krueger,Tim Kuphal,Stanley Letovsky,Michael Levandoski,Craig Lukasik,Jonathan Meltzer,Brian Norvell,Mindy Nye,Scott Parker,Christos Petropoulos,John Pruitt,Steven Ragan,Scott Ryan,Mike Sapeta,Jana Schroth,Suresh Selvaraju,Goran Stevovic,Amanda Suchanek,Andrea Throop,Lyndon Tilson,Thomas Urban,Joe Voshell,Kimberly Wagner,Jonathan Williams,Mary Williamson,Qian Zeng,Tricia Zwiefelhofer,Clinton Paden,Duncan MacCannell",Laboratory Corporation of America,"Centers for Disease Control and Prevention   Division of Viral Diseases, Pathogen Discovery"
UPLOAD|hCoV-19/USA/FL-CDC-IBX759184801445/2021|EPI_ISL_4541749|2021-09-10,hCoV-19/USA/OH-PLMI-H3MTC-02911/2021,EPI_ISL_3267563,GK,AY.1,9.0,10.0,North America / USA / Ohio,2021-07,2021-08-07,"Jessica Spildener, Concetta Peck, Jennifer Starbuck, Joy Nakitandwe, Kristen McDonnell, David Plunkett, Zheng Jin Tu, Jay Brock, Yu-Wei Cheng, Gary Procop, Daniel Rhoads, Daniel H. Farkas, David Bosler","Pathology and Laboratory Medicine Institute, Cleveland Clinic, Ohio, USA","Pathology and Laboratory Medicine Institute, Cleveland Clinic, Ohio, USA"
UPLOAD|hCoV-19/USA/FL-CDC-IBX759184801445/2021|EPI_ISL_4541749|2021-09-10,hCoV-19/USA/HI-H213582/2021,EPI_ISL_3933052,GK,AY.1,9.0,10.0,North America / USA / Hawaii,2021-08-03,2021-09-03,"Pamela O'Brien, Drew Kuwazaki, Ayana Garnet, Daniel Strange, Razvan Sultana, Edward Desmond","State Laboratories Division, Hawaii State Department of Health","State Laboratories Division, Hawaii State Department of Health"
UPLOAD|hCoV-19/USA/FL-CDC-IBX759184801445/2021|EPI_ISL_4541749|2021-09-10,hCoV-19/USA/MD-CDC-ASC210232281/2021,EPI_ISL_3845560,GK,AY.1,9.0,10.0,North America / USA / Maryland,2021-07-28,2021-09-01,"Dakota Howard,Dhwani Batra,Peter Cook,Kara Moser,Adrian Paskey,Jason Caravas,Benjamin Rambo-Martin,Shatavia Morrison,Christopher Gulvick,Scott Sammons,Yvette Unoarumhi,Darlene Wagner,Matthew Schmerer,Cyndi Clark,Patrick Campbell,Rob Case,Vikramsinha Ghorpade,Holly Houdeshell,Ola Kvalvaag,Dillon Nall,Ethan Sanders,Alec Vest,Shaun Westlund,Matthew Hardison,Clinton Paden,Duncan MacCannell",Aegis Sciences Corporation,"Centers for Disease Control and Prevention   Division of Viral Diseases, Pathogen Discovery"
UPLOAD|hCoV-19/USA/FL-CDC-IBX759184801445/2021|EPI_ISL_4541749|2021-09-10,hCoV-19/USA/CA-CDC-ASC210244230/2021,EPI_ISL_3814019,GK,AY.1,9.0,10.0,North America / USA / California,2021-07-24,2021-08-31,"Dakota Howard,Dhwani Batra,Peter Cook,Kara Moser,Adrian Paskey,Jason Caravas,Benjamin Rambo-Martin,Shatavia Morrison,Christopher Gulvick,Scott Sammons,Yvette Unoarumhi,Darlene Wagner,Matthew Schmerer,Cyndi Clark,Patrick Campbell,Rob Case,Vikramsinha Ghorpade,Holly Houdeshell,Ola Kvalvaag,Dillon Nall,Ethan Sanders,Alec Vest,Shaun Westlund,Matthew Hardison,Clinton Paden,Duncan MacCannell",Aegis Sciences Corporation,"Centers for Disease Control and Prevention   Division of Viral Diseases, Pathogen Discovery"
UPLOAD|hCoV-19/USA/FL-CDC-IBX759184801445/2021|EPI_ISL_4541749|2021-09-10,hCoV-19/USA/CA-CDC-ASC210244272/2021,EPI_ISL_3814080,GK,AY.1,9.0,10.0,North America / USA / California,2021-07-24,2021-08-31,"Dakota Howard,Dhwani Batra,Peter Cook,Kara Moser,Adrian Paskey,Jason Caravas,Benjamin Rambo-Martin,Shatavia Morrison,Christopher Gulvick,Scott Sammons,Yvette Unoarumhi,Darlene Wagner,Matthew Schmerer,Cyndi Clark,Patrick Campbell,Rob Case,Vikramsinha Ghorpade,Holly Houdeshell,Ola Kvalvaag,Dillon Nall,Ethan Sanders,Alec Vest,Shaun Westlund,Matthew Hardison,Clinton Paden,Duncan MacCannell",Aegis Sciences Corporation,"Centers for Disease Control and Prevention   Division of Viral Diseases, Pathogen Discovery"
UPLOAD|hCoV-19/USA/FL-CDC-IBX759184801445/2021|EPI_ISL_4541749|2021-09-10,hCoV-19/USA/CA-CDC-ASC210268973/2021,EPI_ISL_3857193,GK,AY.1,9.0,10.0,North America / USA / California,2021-08-03,2021-09-01,"Dakota Howard,Dhwani Batra,Peter Cook,Kara Moser,Adrian Paskey,Jason Caravas,Benjamin Rambo-Martin,Shatavia Morrison,Christopher Gulvick,Scott Sammons,Yvette Unoarumhi,Darlene Wagner,Matthew Schmerer,Cyndi Clark,Patrick Campbell,Rob Case,Vikramsinha Ghorpade,Holly Houdeshell,Ola Kvalvaag,Dillon Nall,Ethan Sanders,Alec Vest,Shaun Westlund,Matthew Hardison,Clinton Paden,Duncan MacCannell",Aegis Sciences Corporation,"Centers for Disease Control and Prevention   Division of Viral Diseases, Pathogen Discovery"
UPLOAD|hCoV-19/USA/FL-CDC-IBX759184801445/2021|EPI_ISL_4541749|2021-09-10,hCoV-19/USA/CA-CDC-ASC210235609/2021,EPI_ISL_3846344,GK,AY.1,9.0,10.0,North America / USA / California,2021-07-29,2021-09-01,"Dakota Howard,Dhwani Batra,Peter Cook,Kara Moser,Adrian Paskey,Jason Caravas,Benjamin Rambo-Martin,Shatavia Morrison,Christopher Gulvick,Scott Sammons,Yvette Unoarumhi,Darlene Wagner,Matthew Schmerer,Cyndi Clark,Patrick Campbell,Rob Case,Vikramsinha Ghorpade,Holly Houdeshell,Ola Kvalvaag,Dillon Nall,Ethan Sanders,Alec Vest,Shaun Westlund,Matthew Hardison,Clinton Paden,Duncan MacCannell",Aegis Sciences Corporation,"Centers for Disease Control and Prevention   Division of Viral Diseases, Pathogen Discovery"
UPLOAD|hCoV-19/USA/FL-CDC-IBX759184801445/2021|EPI_ISL_4541749|2021-09-10,hCoV-19/USA/CA-CDC-ASC210186133/2021,EPI_ISL_3863818,GK,AY.1,9.0,10.0,North America / USA / California,2021-08-07,2021-09-01,"Dakota Howard,Dhwani Batra,Peter Cook,Kara Moser,Adrian Paskey,Jason Caravas,Benjamin Rambo-Martin,Shatavia Morrison,Christopher Gulvick,Scott Sammons,Yvette Unoarumhi,Darlene Wagner,Matthew Schmerer,Cyndi Clark,Patrick Campbell,Rob Case,Vikramsinha Ghorpade,Holly Houdeshell,Ola Kvalvaag,Dillon Nall,Ethan Sanders,Alec Vest,Shaun Westlund,Matthew Hardison,Clinton Paden,Duncan MacCannell",Aegis Sciences Corporation,"Centers for Disease Control and Prevention   Division of Viral Diseases, Pathogen Discovery"
UPLOAD|hCoV-19/USA/FL-CDC-IBX759184801445/2021|EPI_ISL_4541749|2021-09-10,hCoV-19/USA/ID-UNM-IBL746074/2021,EPI_ISL_3905652,GK,AY.1,9.0,10.0,North America / USA / Idaho / Canyon County,2021-08-04,2021-09-02,"Daryl Domman, Kurt Schwalm, Valerie Morley, Matthew Burns, Aimee Ceniseros, Christian Loera, Christopher Ball, Josie Santos, Cassidy Vanwarmerdam, Abigail Cortez, Darrell Dinwiddie",Idaho Bureau of Laboratories,"Center for Global Health, University of New Mexico Health Sciences Center"
UPLOAD|hCoV-19/USA/FL-CDC-IBX759184801445/2021|EPI_ISL_4541749|2021-09-10,hCoV-19/USA/CA-UCSF-JD1164/2021,EPI_ISL_3907700,GK,AY.1,9.0,10.0,North America / USA / California / San Francisco County,2021-08-07,2021-09-02,"Anthea Mitchell, Grace Wang, Jamin Liu, Jackie Martinez, Sabrina Mann, Matthias Hapte-Selassie, Sara Sunshine, Matthew Laurie, Genay Pilarowski, Amy Kistler, Manu Vanaerschot, Patrick Ayscue, Lucy Li, Eric Chow, IDseq Team, James Peng, Carina Marquez, Luis Rubio, Gabriel Chamie, Diane Jones, Jon Jacobo, Susana Rojas, Susy Rojas, Valerie Tulier-Laiwa, Douglas Black, Jackie Martinez, Maya Petersen, Diane Havlir, and Joseph DeRisi","DeRisi Lab, University of California, San Francisco","DeRisi Lab, University of California, San Francisco"
UPLOAD|hCoV-19/USA/FL-CDC-IBX759184801445/2021|EPI_ISL_4541749|2021-09-10,hCoV-19/USA/CA-UCSF-JD1166/2021,EPI_ISL_3907702,GK,AY.1,9.0,10.0,North America / USA / California / San Francisco County,2021-08-07,2021-09-02,"Anthea Mitchell, Grace Wang, Jamin Liu, Jackie Martinez, Sabrina Mann, Matthias Hapte-Selassie, Sara Sunshine, Matthew Laurie, Genay Pilarowski, Amy Kistler, Manu Vanaerschot, Patrick Ayscue, Lucy Li, Eric Chow, IDseq Team, James Peng, Carina Marquez, Luis Rubio, Gabriel Chamie, Diane Jones, Jon Jacobo, Susana Rojas, Susy Rojas, Valerie Tulier-Laiwa, Douglas Black, Jackie Martinez, Maya Petersen, Diane Havlir, and Joseph DeRisi","DeRisi Lab, University of California, San Francisco","DeRisi Lab, University of California, San Francisco"
UPLOAD|hCoV-19/USA/FL-CDC-IBX759184801445/2021|EPI_ISL_4541749|2021-09-10,hCoV-19/USA/CA-UCSF-JD1205/2021,EPI_ISL_3907728,GK,AY.1,9.0,10.0,North America / USA / California / San Francisco County,2021-08-08,2021-09-02,"Anthea Mitchell, Grace Wang, Jamin Liu, Jackie Martinez, Sabrina Mann, Matthias Hapte-Selassie, Sara Sunshine, Matthew Laurie, Genay Pilarowski, Amy Kistler, Manu Vanaerschot, Patrick Ayscue, Lucy Li, Eric Chow, IDseq Team, James Peng, Carina Marquez, Luis Rubio, Gabriel Chamie, Diane Jones, Jon Jacobo, Susana Rojas, Susy Rojas, Valerie Tulier-Laiwa, Douglas Black, Jackie Martinez, Maya Petersen, Diane Havlir, and Joseph DeRisi","DeRisi Lab, University of California, San Francisco","DeRisi Lab, University of California, San Francisco"
UPLOAD|hCoV-19/USA/FL-CDC-IBX759184801445/2021|EPI_ISL_4541749|2021-09-10,hCoV-19/USA/CA-UCSF-JD1228/2021,EPI_ISL_3907739,GK,AY.1,9.0,10.0,North America / USA / California / San Francisco County,2021-08-10,2021-09-02,"Anthea Mitchell, Grace Wang, Jamin Liu, Jackie Martinez, Sabrina Mann, Matthias Hapte-Selassie, Sara Sunshine, Matthew Laurie, Genay Pilarowski, Amy Kistler, Manu Vanaerschot, Patrick Ayscue, Lucy Li, Eric Chow, IDseq Team, James Peng, Carina Marquez, Luis Rubio, Gabriel Chamie, Diane Jones, Jon Jacobo, Susana Rojas, Susy Rojas, Valerie Tulier-Laiwa, Douglas Black, Jackie Martinez, Maya Petersen, Diane Havlir, and Joseph DeRisi","DeRisi Lab, University of California, San Francisco","DeRisi Lab, University of California, San Francisco"
UPLOAD|hCoV-19/USA/FL-CDC-IBX759184801445/2021|EPI_ISL_4541749|2021-09-10,hCoV-19/USA/CA-Stanford-40_S19/2021,EPI_ISL_3916368,GK,AY.1,9.0,10.0,North America / USA / California,2021-07-27,2021-09-03,"Malaya K. Sahoo, Becky Jiang, Bernadette Troung, Selamawit Bihon, James Zehnder, and Benjamin A. Pinsky",Stanford Health Care,"Stanford University School of Medicine, Clinical Virology Laboratory"
UPLOAD|hCoV-19/USA/FL-CDC-IBX759184801445/2021|EPI_ISL_4541749|2021-09-10,hCoV-19/USA/IL-CDC-ASC210182450/2021,EPI_ISL_4058656,GK,AY.1,9.0,10.0,North America / USA / Illinois,2021-08-05,2021-09-09,"Dakota Howard,Dhwani Batra,Peter Cook,Kara Moser,Adrian Paskey,Jason Caravas,Benjamin Rambo-Martin,Shatavia Morrison,Christopher Gulvick,Scott Sammons,Yvette Unoarumhi,Darlene Wagner,Matthew Schmerer,Cyndi Clark,Patrick Campbell,Rob Case,Vikramsinha Ghorpade,Holly Houdeshell,Ola Kvalvaag,Dillon Nall,Ethan Sanders,Alec Vest,Shaun Westlund,Matthew Hardison,Clinton Paden,Duncan MacCannell",Aegis Sciences Corporation,"Centers for Disease Control and Prevention   Division of Viral Diseases, Pathogen Discovery"
UPLOAD|hCoV-19/USA/FL-CDC-IBX759184801445/2021|EPI_ISL_4541749|2021-09-10,hCoV-19/USA/VA-CDC-LC0128654/2021,EPI_ISL_4156484,GK,AY.1,9.0,10.0,North America / USA / Virginia,2021-07-21,2021-09-13,"Dakota Howard,Dhwani Batra,Peter Cook,Kara Moser,Adrian Paskey,Jason Caravas,Benjamin Rambo-Martin,Shatavia Morrison,Christopher Gulvick,Scott Sammons,Yvette Unoarumhi,Darlene Wagner,Matthew Schmerer,Minoo Agarwal,Eyad Almasri,Debbie Boles,Ayla Burns,Nuthawin Charoensri,Oren Cohen,Susan Countryman,Mary Cristobal,Bobbi Croy,Suzanne Dale,Hrushikesh Deshmukh,Amanda Douglas,Vincent Drouillon,Marcia Eisenberg,Howard Engler,Rama Ghatti,Prashant Gupta,Susan Hicks,Jake Humphrey,Lax Iyer,Lisa Pfefferle,Manoj Jain,Matthew Robinson,Mohan Kolli,Brian Krueger,Tim Kuphal,Stanley Letovsky,Michael Levandoski,Craig Lukasik,Jonathan Meltzer,Brian Norvell,Mindy Nye,Scott Parker,Christos Petropoulos,John Pruitt,Steven Ragan,Scott Ryan,Mike Sapeta,Jana Schroth,Suresh Selvaraju,Goran Stevovic,Amanda Suchanek,Andrea Throop,Lyndon Tilson,Thomas Urban,Joe Voshell,Kimberly Wagner,Jonathan Williams,Mary Williamson,Qian Zeng,Tricia Zwiefelhofer,Clinton Paden,Duncan MacCannell",Laboratory Corporation of America,"Centers for Disease Control and Prevention   Division of Viral Diseases, Pathogen Discovery"
UPLOAD|hCoV-19/USA/FL-CDC-IBX759184801445/2021|EPI_ISL_4541749|2021-09-10,hCoV-19/USA/CA-CDC-FG-065886/2021,EPI_ISL_4211638,GK,AY.1,9.0,10.0,North America / USA / California,2021-08-06,2021-09-15,"Dakota Howard,Dhwani Batra,Peter Cook,Jason Caravas,Benjamin Rambo-Martin,Scott Sammons,Yvette Unoarumhi,Matthew Schmerer,Kristine Lacek,Tymeckia Kendall,Victoria Caban Figueroa,Shatavia Morrison,Christopher Gulvick,Erisa Sula,Harry Gao,Mickey Li,John Gao,Joseph Fierro,Benafsh Sapra,Becky Tsai,Yan Meng,Doreen Ng,James Xie,Clinton Paden,Duncan MacCannell",Fulgent Genetics,"Centers for Disease Control and Prevention   Division of Viral Diseases, Pathogen Discovery"
UPLOAD|hCoV-19/USA/FL-CDC-IBX759184801445/2021|EPI_ISL_4541749|2021-09-10,hCoV-19/USA/CA-CDC-IBX364987406648/2021,EPI_ISL_4245468,GK,AY.1,9.0,10.0,North America / USA / California,2021-08-05,2021-09-16,"Dakota Howard,Dhwani Batra,Peter Cook,Jason Caravas,Benjamin Rambo-Martin,Scott Sammons,Yvette Unoarumhi,Matthew Schmerer,Kristine Lacek,Tymeckia Kendall,Victoria Caban Figueroa,Shatavia Morrison,Christopher Gulvick,Erisa Sula,Christian Bixby,Yihe Wang,Jonathan Schultz,Chirayu Goswami,Russ Hager,Robin Grimwood,Clinton Paden,Duncan MacCannell",Infinity Biologix,"Centers for Disease Control and Prevention   Division of Viral Diseases, Pathogen Discovery"
UPLOAD|hCoV-19/USA/FL-CDC-IBX759184801445/2021|EPI_ISL_4541749|2021-09-10,hCoV-19/USA/ID-UNM-IBL742552/2021,EPI_ISL_3642837,GK,AY.1,9.0,10.0,North America / USA / Idaho,2021-07-24,2021-08-24,"Daryl Domman, Kurt Schwalm, Valerie Morley, Matthew Burns, Robert Voermans, Christopher Ball, Darrell Dinwiddie",Idaho Bureau of Laboratories,"Center for Global Health, University of New Mexico Health Sciences Center"
UPLOAD|hCoV-19/USA/FL-CDC-IBX759184801445/2021|EPI_ISL_4541749|2021-09-10,hCoV-19/USA/ID-UNM-IBL743434/2021,EPI_ISL_3722394,GK,AY.1,9.0,10.0,North America / USA / Idaho / Ada County,2021-07-28,2021-08-27,"Daryl Domman, Kurt Schwalm, Valerie Morley, Matthew Burns, Aimee Ceniseros, Christian Loera, Christopher Ball, Josie Santos, Cassidy Vanwarmerdam, Abigail Cortez, Darrell Dinwiddie",Idaho Bureau of Laboratories,"Center for Global Health, University of New Mexico Health Sciences Center"
UPLOAD|hCoV-19/USA/FL-CDC-IBX759184801445/2021|EPI_ISL_4541749|2021-09-10,hCoV-19/USA/CA-Stanford-40_S44/2021,EPI_ISL_3916390,GK,AY.1,9.0,10.0,North America / USA / California,2021-07-27,2021-09-03,"Malaya K. Sahoo, Becky Jiang, Bernadette Troung, Selamawit Bihon, James Zehnder, and Benjamin A. Pinsky",Stanford Health Care,"Stanford University School of Medicine, Clinical Virology Laboratory"
UPLOAD|hCoV-19/USA/FL-CDC-IBX759184801445/2021|EPI_ISL_4541749|2021-09-10,hCoV-19/USA/NJ-CDC-LC0131796/2021,EPI_ISL_4156882,GK,AY.1,9.0,10.0,North America / USA / New Jersey,2021-07-23,2021-09-13,"Dakota Howard,Dhwani Batra,Peter Cook,Kara Moser,Adrian Paskey,Jason Caravas,Benjamin Rambo-Martin,Shatavia Morrison,Christopher Gulvick,Scott Sammons,Yvette Unoarumhi,Darlene Wagner,Matthew Schmerer,Minoo Agarwal,Eyad Almasri,Debbie Boles,Ayla Burns,Nuthawin Charoensri,Oren Cohen,Susan Countryman,Mary Cristobal,Bobbi Croy,Suzanne Dale,Hrushikesh Deshmukh,Amanda Douglas,Vincent Drouillon,Marcia Eisenberg,Howard Engler,Rama Ghatti,Prashant Gupta,Susan Hicks,Jake Humphrey,Lax Iyer,Lisa Pfefferle,Manoj Jain,Matthew Robinson,Mohan Kolli,Brian Krueger,Tim Kuphal,Stanley Letovsky,Michael Levandoski,Craig Lukasik,Jonathan Meltzer,Brian Norvell,Mindy Nye,Scott Parker,Christos Petropoulos,John Pruitt,Steven Ragan,Scott Ryan,Mike Sapeta,Jana Schroth,Suresh Selvaraju,Goran Stevovic,Amanda Suchanek,Andrea Throop,Lyndon Tilson,Thomas Urban,Joe Voshell,Kimberly Wagner,Jonathan Williams,Mary Williamson,Qian Zeng,Tricia Zwiefelhofer,Clinton Paden,Duncan MacCannell",Laboratory Corporation of America,"Centers for Disease Control and Prevention   Division of Viral Diseases, Pathogen Discovery"
UPLOAD|hCoV-19/USA/FL-CDC-IBX759184801445/2021|EPI_ISL_4541749|2021-09-10,hCoV-19/USA/WA-UW-21072811184/2021,EPI_ISL_4302636,GK,AY.1,9.0,10.0,North America / USA / Washington,2021-07-28,2021-09-20,"Pavitra Roychoudhury, Shah Mohamed Bakhash, Ricardo Perez, Maria Lukes, Hong Xie, Tien V. Nguyen, Savanna S. Carmack, Sean Ellis, Meei-Li Huang, Keith R Jerome, Alexander Greninger",UW Virology Lab,UW Virology Lab
UPLOAD|hCoV-19/USA/FL-CDC-IBX759184801445/2021|EPI_ISL_4541749|2021-09-10,hCoV-19/USA/CA-CCPHL-62/2021,EPI_ISL_3718424,GK,AY.1,9.0,10.0,North America / USA / California,2021-08-17,2021-08-26,Contra Costa Public Health Laboratory,Contra Costa Public Health Laboratory,Contra Costa Public Health Laboratory
UPLOAD|hCoV-19/USA/FL-CDC-IBX759184801445/2021|EPI_ISL_4541749|2021-09-10,hCoV-19/USA/CA-CCPHL-62/2021,EPI_ISL_3718460,GK,AY.1,9.0,10.0,North America / USA / California,2021-08-17,2021-08-26,Contra Costa Public Health Laboratory,Contra Costa Public Health Laboratory,Contra Costa Public Health Laboratory
UPLOAD|hCoV-19/USA/FL-CDC-IBX759184801445/2021|EPI_ISL_4541749|2021-09-10,hCoV-19/USA/CA-CDC-ASC210186216/2021,EPI_ISL_3861361,GK,AY.1,9.0,10.0,North America / USA / California,2021-08-06,2021-09-01,"Dakota Howard,Dhwani Batra,Peter Cook,Kara Moser,Adrian Paskey,Jason Caravas,Benjamin Rambo-Martin,Shatavia Morrison,Christopher Gulvick,Scott Sammons,Yvette Unoarumhi,Darlene Wagner,Matthew Schmerer,Cyndi Clark,Patrick Campbell,Rob Case,Vikramsinha Ghorpade,Holly Houdeshell,Ola Kvalvaag,Dillon Nall,Ethan Sanders,Alec Vest,Shaun Westlund,Matthew Hardison,Clinton Paden,Duncan MacCannell",Aegis Sciences Corporation,"Centers for Disease Control and Prevention   Division of Viral Diseases, Pathogen Discovery"
UPLOAD|hCoV-19/USA/FL-CDC-IBX759184801445/2021|EPI_ISL_4541749|2021-09-10,hCoV-19/USA/CA-CDC-QDX27431850/2021,EPI_ISL_4021071,GK,AY.1,9.0,10.0,North America / USA / California,2021-07-31,2021-09-08,"Dakota Howard,Dhwani Batra,Peter Cook,Kara Moser,Adrian Paskey,Jason Caravas,Benjamin Rambo-Martin,Shatavia Morrison,Christopher Gulvick, Sammons,Scott ,Yvette Unoarumhi,Darlene Wagner,Matthew Schmerer,S. Rosenthal,A. Gerasimova,R. Kagan,B. Anderson,M. Hua,Y. Liu,L. Bernstein,K. Livingston,A. Perez,I. Shlyakhter,R. Rolando,R. Owen,P. Tanpaiboon,F. Lacbawan,Clinton Paden,Duncan MacCannell",Quest Diagnostics Incorporated,"Centers for Disease Control and Prevention   Division of Viral Diseases, Pathogen Discovery"
UPLOAD|hCoV-19/USA/FL-CDC-IBX759184801445/2021|EPI_ISL_4541749|2021-09-10,hCoV-19/USA/IL-NM-9665/2021,EPI_ISL_4273845,GK,AY.1,9.0,11.0,North America / USA / Illinois / Chicago,2021-09-05,2021-09-17,"Ramon Lorenzo-Redondo, Lacy M. Simons, Taylor J. Dean, Chad J. Achenbach, Lawrence J. Jennings, Chao Qi, Michael G. Ison, Judd F. Hultquist, Egon A. Ozer",Northwestern Memorial Hospital,Northwestern University - Center for Pathogen Genomics and Microbial Evolution
UPLOAD|hCoV-19/USA/FL-CDC-IBX759184801445/2021|EPI_ISL_4541749|2021-09-10,hCoV-19/USA/CA-Stanford-41_S36/2021,EPI_ISL_4072034,GK,AY.1,9.0,11.0,North America / USA / California,2021-07-31,2021-09-10,"Malaya K. Sahoo, Selamawit Bihon, Becky Jiang, James Zehnder, and Benjamin A. Pinsky",Stanford Health Care,"Stanford University School of Medicine, Clinical Virology Laboratory"
UPLOAD|hCoV-19/USA/FL-CDC-IBX759184801445/2021|EPI_ISL_4541749|2021-09-10,hCoV-19/USA/CA-UCSF-JD1141/2021,EPI_ISL_3907689,GK,AY.1,9.0,11.0,North America / USA / California / San Francisco County,2021-08-02,2021-09-02,"Anthea Mitchell, Grace Wang, Jamin Liu, Jackie Martinez, Sabrina Mann, Matthias Hapte-Selassie, Sara Sunshine, Matthew Laurie, Genay Pilarowski, Amy Kistler, Manu Vanaerschot, Patrick Ayscue, Lucy Li, Eric Chow, IDseq Team, James Peng, Carina Marquez, Luis Rubio, Gabriel Chamie, Diane Jones, Jon Jacobo, Susana Rojas, Susy Rojas, Valerie Tulier-Laiwa, Douglas Black, Jackie Martinez, Maya Petersen, Diane Havlir, and Joseph DeRisi","DeRisi Lab, University of California, San Francisco","DeRisi Lab, University of California, San Francisco"
UPLOAD|hCoV-19/USA/FL-CDC-IBX759184801445/2021|EPI_ISL_4541749|2021-09-10,hCoV-19/USA/CA-ACPHD-01079/2021,EPI_ISL_4219036,GK,AY.1,9.0,11.0,North America / USA / California,2021-08-13,2021-09-15,"Vici Varghese, Maria Elma",Alameda County Public Health Department,Alameda County Public Health Department
UPLOAD|hCoV-19/USA/FL-CDC-IBX759184801445/2021|EPI_ISL_4541749|2021-09-10,hCoV-19/USA/CA-CDC-LC0250957/2021,EPI_ISL_4340461,GK,AY.1,9.0,11.0,North America / USA / California,2021-08-23,2021-09-20,"Dakota Howard,Dhwani Batra,Peter Cook,Jason Caravas,Benjamin Rambo-Martin,Scott Sammons,Yvette Unoarumhi,Matthew Schmerer,Kristine Lacek,Tymeckia Kendall,Victoria Caban Figueroa,Shatavia Morrison,Christopher Gulvick,Minoo Agarwal,Eyad Almasri,Debbie Boles,Ayla Burns,Nuthawin Charoensri,Oren Cohen,Susan Countryman,Mary Cristobal,Bobbi Croy,Suzanne Dale,Hrushikesh Deshmukh,Amanda Douglas,Vincent Drouillon,Marcia Eisenberg,Howard Engler,Rama Ghatti,Prashant Gupta,Susan Hicks,Jake Humphrey,Lax Iyer,Lisa Pfefferle,Manoj Jain,Matthew Robinson,Mohan Kolli,Brian Krueger,Tim Kuphal,Stanley Letovsky,Michael Levandoski,Craig Lukasik,Jonathan Meltzer,Brian Norvell,Mindy Nye,Scott Parker,Christos Petropoulos,John Pruitt,Steven Ragan,Scott Ryan,Mike Sapeta,Jana Schroth,Suresh Selvaraju,Goran Stevovic,Amanda Suchanek,Andrea Throop,Lyndon Tilson,Thomas Urban,Joe Voshell,Kimberly Wagner,Jonathan Williams,Mary Williamson,Qian Zeng,Tricia Zwiefelhofer,Clinton Paden,Duncan MacCannell",Laboratory Corporation of America,"Centers for Disease Control and Prevention   Division of Viral Diseases, Pathogen Discovery"
UPLOAD|hCoV-19/USA/FL-CDC-IBX759184801445/2021|EPI_ISL_4541749|2021-09-10,hCoV-19/USA/CA-CDC-ASC210186022/2021,EPI_ISL_3862011,GK,B.1.617.2,9.0,11.0,North America / USA / California,2021-08-06,2021-09-01,"Dakota Howard,Dhwani Batra,Peter Cook,Kara Moser,Adrian Paskey,Jason Caravas,Benjamin Rambo-Martin,Shatavia Morrison,Christopher Gulvick,Scott Sammons,Yvette Unoarumhi,Darlene Wagner,Matthew Schmerer,Cyndi Clark,Patrick Campbell,Rob Case,Vikramsinha Ghorpade,Holly Houdeshell,Ola Kvalvaag,Dillon Nall,Ethan Sanders,Alec Vest,Shaun Westlund,Matthew Hardison,Clinton Paden,Duncan MacCannell",Aegis Sciences Corporation,"Centers for Disease Control and Prevention   Division of Viral Diseases, Pathogen Discovery"
UPLOAD|hCoV-19/USA/FL-CDC-IBX759184801445/2021|EPI_ISL_4541749|2021-09-10,hCoV-19/USA/AL-CDC-ASC210269157/2021,EPI_ISL_3856725,O,AY.1,9.0,11.0,North America / USA / Alabama,2021-08-03,2021-09-01,"Dakota Howard,Dhwani Batra,Peter Cook,Kara Moser,Adrian Paskey,Jason Caravas,Benjamin Rambo-Martin,Shatavia Morrison,Christopher Gulvick,Scott Sammons,Yvette Unoarumhi,Darlene Wagner,Matthew Schmerer,Cyndi Clark,Patrick Campbell,Rob Case,Vikramsinha Ghorpade,Holly Houdeshell,Ola Kvalvaag,Dillon Nall,Ethan Sanders,Alec Vest,Shaun Westlund,Matthew Hardison,Clinton Paden,Duncan MacCannell",Aegis Sciences Corporation,"Centers for Disease Control and Prevention   Division of Viral Diseases, Pathogen Discovery"
UPLOAD|hCoV-19/USA/FL-CDC-IBX759184801445/2021|EPI_ISL_4541749|2021-09-10,hCoV-19/USA/CA-CDC-ASC210189996/2021,EPI_ISL_4142528,GK,AY.1,9.0,11.0,North America / USA / California,2021-08-10,2021-09-13,"Dakota Howard,Dhwani Batra,Peter Cook,Kara Moser,Adrian Paskey,Jason Caravas,Benjamin Rambo-Martin,Shatavia Morrison,Christopher Gulvick,Scott Sammons,Yvette Unoarumhi,Darlene Wagner,Matthew Schmerer,Cyndi Clark,Patrick Campbell,Rob Case,Vikramsinha Ghorpade,Holly Houdeshell,Ola Kvalvaag,Dillon Nall,Ethan Sanders,Alec Vest,Shaun Westlund,Matthew Hardison,Clinton Paden,Duncan MacCannell",Aegis Sciences Corporation,"Centers for Disease Control and Prevention   Division of Viral Diseases, Pathogen Discovery"
UPLOAD|hCoV-19/USA/FL-CDC-IBX759184801445/2021|EPI_ISL_4541749|2021-09-10,hCoV-19/USA/CA-UCSF-JD1241/2021,EPI_ISL_3907745,GK,AY.1,9.0,11.0,North America / USA / California / San Francisco County,2021-08-10,2021-09-02,"Anthea Mitchell, Grace Wang, Jamin Liu, Jackie Martinez, Sabrina Mann, Matthias Hapte-Selassie, Sara Sunshine, Matthew Laurie, Genay Pilarowski, Amy Kistler, Manu Vanaerschot, Patrick Ayscue, Lucy Li, Eric Chow, IDseq Team, James Peng, Carina Marquez, Luis Rubio, Gabriel Chamie, Diane Jones, Jon Jacobo, Susana Rojas, Susy Rojas, Valerie Tulier-Laiwa, Douglas Black, Jackie Martinez, Maya Petersen, Diane Havlir, and Joseph DeRisi","DeRisi Lab, University of California, San Francisco","DeRisi Lab, University of California, San Francisco"
UPLOAD|hCoV-19/USA/FL-CDC-IBX759184801445/2021|EPI_ISL_4541749|2021-09-10,hCoV-19/USA/NV-NSPHL-393586/2021,EPI_ISL_3760994,GK,AY.1,9.0,11.0,North America / USA / Nevada / Douglas County,2021-08-18,2021-08-28,"Andrew Gorzalski, Mark Pandori",Nevada State Public Health Laboratory,Nevada State Public Health Laboratory
UPLOAD|hCoV-19/USA/FL-CDC-IBX759184801445/2021|EPI_ISL_4541749|2021-09-10,hCoV-19/USA/NJ-CDC-LC0124896/2021,EPI_ISL_4157882,GK,AY.1,9.0,11.0,North America / USA / New Jersey,2021-07-25,2021-09-13,"Dakota Howard,Dhwani Batra,Peter Cook,Kara Moser,Adrian Paskey,Jason Caravas,Benjamin Rambo-Martin,Shatavia Morrison,Christopher Gulvick,Scott Sammons,Yvette Unoarumhi,Darlene Wagner,Matthew Schmerer,Minoo Agarwal,Eyad Almasri,Debbie Boles,Ayla Burns,Nuthawin Charoensri,Oren Cohen,Susan Countryman,Mary Cristobal,Bobbi Croy,Suzanne Dale,Hrushikesh Deshmukh,Amanda Douglas,Vincent Drouillon,Marcia Eisenberg,Howard Engler,Rama Ghatti,Prashant Gupta,Susan Hicks,Jake Humphrey,Lax Iyer,Lisa Pfefferle,Manoj Jain,Matthew Robinson,Mohan Kolli,Brian Krueger,Tim Kuphal,Stanley Letovsky,Michael Levandoski,Craig Lukasik,Jonathan Meltzer,Brian Norvell,Mindy Nye,Scott Parker,Christos Petropoulos,John Pruitt,Steven Ragan,Scott Ryan,Mike Sapeta,Jana Schroth,Suresh Selvaraju,Goran Stevovic,Amanda Suchanek,Andrea Throop,Lyndon Tilson,Thomas Urban,Joe Voshell,Kimberly Wagner,Jonathan Williams,Mary Williamson,Qian Zeng,Tricia Zwiefelhofer,Clinton Paden,Duncan MacCannell",Laboratory Corporation of America,"Centers for Disease Control and Prevention   Division of Viral Diseases, Pathogen Discovery"
UPLOAD|hCoV-19/USA/FL-CDC-IBX759184801445/2021|EPI_ISL_4541749|2021-09-10,hCoV-19/USA/CA-UCSF-JD1213/2021,EPI_ISL_3907732,GK,AY.1,9.0,11.0,North America / USA / California / San Francisco County,2021-08-09,2021-09-02,"Anthea Mitchell, Grace Wang, Jamin Liu, Jackie Martinez, Sabrina Mann, Matthias Hapte-Selassie, Sara Sunshine, Matthew Laurie, Genay Pilarowski, Amy Kistler, Manu Vanaerschot, Patrick Ayscue, Lucy Li, Eric Chow, IDseq Team, James Peng, Carina Marquez, Luis Rubio, Gabriel Chamie, Diane Jones, Jon Jacobo, Susana Rojas, Susy Rojas, Valerie Tulier-Laiwa, Douglas Black, Jackie Martinez, Maya Petersen, Diane Havlir, and Joseph DeRisi","DeRisi Lab, University of California, San Francisco","DeRisi Lab, University of California, San Francisco"
UPLOAD|hCoV-19/USA/FL-CDC-IBX759184801445/2021|EPI_ISL_4541749|2021-09-10,hCoV-19/USA/AL-CDC-ASC210269148/2021,EPI_ISL_3856717,GK,AY.1,9.0,11.0,North America / USA / Alabama,2021-08-03,2021-09-01,"Dakota Howard,Dhwani Batra,Peter Cook,Kara Moser,Adrian Paskey,Jason Caravas,Benjamin Rambo-Martin,Shatavia Morrison,Christopher Gulvick,Scott Sammons,Yvette Unoarumhi,Darlene Wagner,Matthew Schmerer,Cyndi Clark,Patrick Campbell,Rob Case,Vikramsinha Ghorpade,Holly Houdeshell,Ola Kvalvaag,Dillon Nall,Ethan Sanders,Alec Vest,Shaun Westlund,Matthew Hardison,Clinton Paden,Duncan MacCannell",Aegis Sciences Corporation,"Centers for Disease Control and Prevention   Division of Viral Diseases, Pathogen Discovery"
UPLOAD|hCoV-19/USA/FL-CDC-IBX759184801445/2021|EPI_ISL_4541749|2021-09-10,hCoV-19/USA/CA-CDC-ASC210268974/2021,EPI_ISL_3857194,GK,AY.1,9.0,11.0,North America / USA / California,2021-08-03,2021-09-01,"Dakota Howard,Dhwani Batra,Peter Cook,Kara Moser,Adrian Paskey,Jason Caravas,Benjamin Rambo-Martin,Shatavia Morrison,Christopher Gulvick,Scott Sammons,Yvette Unoarumhi,Darlene Wagner,Matthew Schmerer,Cyndi Clark,Patrick Campbell,Rob Case,Vikramsinha Ghorpade,Holly Houdeshell,Ola Kvalvaag,Dillon Nall,Ethan Sanders,Alec Vest,Shaun Westlund,Matthew Hardison,Clinton Paden,Duncan MacCannell",Aegis Sciences Corporation,"Centers for Disease Control and Prevention   Division of Viral Diseases, Pathogen Discovery"
UPLOAD|hCoV-19/USA/FL-CDC-IBX759184801445/2021|EPI_ISL_4541749|2021-09-10,hCoV-19/USA/CA-CDC-ASC210202898/2021,EPI_ISL_3849863,O,AY.1,9.0,11.0,North America / USA / California,2021-07-30,2021-09-01,"Dakota Howard,Dhwani Batra,Peter Cook,Kara Moser,Adrian Paskey,Jason Caravas,Benjamin Rambo-Martin,Shatavia Morrison,Christopher Gulvick,Scott Sammons,Yvette Unoarumhi,Darlene Wagner,Matthew Schmerer,Cyndi Clark,Patrick Campbell,Rob Case,Vikramsinha Ghorpade,Holly Houdeshell,Ola Kvalvaag,Dillon Nall,Ethan Sanders,Alec Vest,Shaun Westlund,Matthew Hardison,Clinton Paden,Duncan MacCannell",Aegis Sciences Corporation,"Centers for Disease Control and Prevention   Division of Viral Diseases, Pathogen Discovery"
UPLOAD|hCoV-19/USA/FL-CDC-IBX759184801445/2021|EPI_ISL_4541749|2021-09-10,hCoV-19/USA/NJ-PHEL-V21009019/2021,EPI_ISL_3824558,GK,AY.1,9.0,11.0,North America / USA / New Jersey,2021-08-13,2021-08-31,"Lindsey Bodnar, Shiv K. Verma, Ryan Pachucki, Chelsea San Filippo, Jacquelyn Deverell, Dana Woell, Allison Roder, Byeong Jeong","NJDOH, Public Health and Environmental Laboratories",NJ_PHEL
UPLOAD|hCoV-19/USA/FL-CDC-IBX759184801445/2021|EPI_ISL_4541749|2021-09-10,hCoV-19/USA/CA-CDC-ASC210236775/2021,EPI_ISL_3851098,GK,B.1.617.2,9.0,11.0,North America / USA / California,2021-07-29,2021-09-01,"Dakota Howard,Dhwani Batra,Peter Cook,Kara Moser,Adrian Paskey,Jason Caravas,Benjamin Rambo-Martin,Shatavia Morrison,Christopher Gulvick,Scott Sammons,Yvette Unoarumhi,Darlene Wagner,Matthew Schmerer,Cyndi Clark,Patrick Campbell,Rob Case,Vikramsinha Ghorpade,Holly Houdeshell,Ola Kvalvaag,Dillon Nall,Ethan Sanders,Alec Vest,Shaun Westlund,Matthew Hardison,Clinton Paden,Duncan MacCannell",Aegis Sciences Corporation,"Centers for Disease Control and Prevention   Division of Viral Diseases, Pathogen Discovery"
UPLOAD|hCoV-19/USA/FL-CDC-IBX759184801445/2021|EPI_ISL_4541749|2021-09-10,hCoV-19/USA/CA-CDC-ASC210237032/2021,EPI_ISL_3851136,GK,AY.1,9.0,11.0,North America / USA / California,2021-07-29,2021-09-01,"Dakota Howard,Dhwani Batra,Peter Cook,Kara Moser,Adrian Paskey,Jason Caravas,Benjamin Rambo-Martin,Shatavia Morrison,Christopher Gulvick,Scott Sammons,Yvette Unoarumhi,Darlene Wagner,Matthew Schmerer,Cyndi Clark,Patrick Campbell,Rob Case,Vikramsinha Ghorpade,Holly Houdeshell,Ola Kvalvaag,Dillon Nall,Ethan Sanders,Alec Vest,Shaun Westlund,Matthew Hardison,Clinton Paden,Duncan MacCannell",Aegis Sciences Corporation,"Centers for Disease Control and Prevention   Division of Viral Diseases, Pathogen Discovery"
UPLOAD|hCoV-19/USA/FL-CDC-IBX759184801445/2021|EPI_ISL_4541749|2021-09-10,hCoV-19/USA/CA-SEARCH-48475/2021,EPI_ISL_3937088,GK,AY.1,9.0,11.0,North America / USA / California / San Diego,2021-08-14,2021-09-03,"David Pride, Sharon Reed, Chip Schooley, Angela Scioscia, Natasha Martin Cheryl Anderson, Sawyer Farmer, Abigail Schnapper, Helena Tubb, Tommy Valles + SEARCH",EXCITE Lab,Andersen lab at Scripps Research
UPLOAD|hCoV-19/USA/FL-CDC-IBX759184801445/2021|EPI_ISL_4541749|2021-09-10,hCoV-19/USA/CA-UCSF-JD1309/2021,EPI_ISL_3907793,GK,AY.1,9.0,11.0,North America / USA / California / San Francisco County,2021-08-17,2021-09-02,"Anthea Mitchell, Grace Wang, Jamin Liu, Jackie Martinez, Sabrina Mann, Matthias Hapte-Selassie, Sara Sunshine, Matthew Laurie, Genay Pilarowski, Amy Kistler, Manu Vanaerschot, Patrick Ayscue, Lucy Li, Eric Chow, IDseq Team, James Peng, Carina Marquez, Luis Rubio, Gabriel Chamie, Diane Jones, Jon Jacobo, Susana Rojas, Susy Rojas, Valerie Tulier-Laiwa, Douglas Black, Jackie Martinez, Maya Petersen, Diane Havlir, and Joseph DeRisi","DeRisi Lab, University of California, San Francisco","DeRisi Lab, University of California, San Francisco"
UPLOAD|hCoV-19/USA/FL-CDC-IBX759184801445/2021|EPI_ISL_4541749|2021-09-10,hCoV-19/USA/CA-UCSF-JD1239/2021,EPI_ISL_3907744,GK,AY.1,9.0,11.0,North America / USA / California / San Francisco County,2021-08-10,2021-09-02,"Anthea Mitchell, Grace Wang, Jamin Liu, Jackie Martinez, Sabrina Mann, Matthias Hapte-Selassie, Sara Sunshine, Matthew Laurie, Genay Pilarowski, Amy Kistler, Manu Vanaerschot, Patrick Ayscue, Lucy Li, Eric Chow, IDseq Team, James Peng, Carina Marquez, Luis Rubio, Gabriel Chamie, Diane Jones, Jon Jacobo, Susana Rojas, Susy Rojas, Valerie Tulier-Laiwa, Douglas Black, Jackie Martinez, Maya Petersen, Diane Havlir, and Joseph DeRisi","DeRisi Lab, University of California, San Francisco","DeRisi Lab, University of California, San Francisco"
UPLOAD|hCoV-19/USA/FL-CDC-IBX759184801445/2021|EPI_ISL_4541749|2021-09-10,hCoV-19/USA/CA-SCPHL-21WGS0385/2021,EPI_ISL_4296229,GK,AY.1,9.0,11.0,North America / USA / California / Sonoma County,2021-08-21,2021-09-18,"Rachel Rees,  Lisa Critchett, Carlos Gonzalez,  Iryna Goraichuk",Providence Santa Rosa Memorial Hospital Lab,Sonoma County Public Health Laboratory
UPLOAD|hCoV-19/USA/FL-CDC-IBX759184801445/2021|EPI_ISL_4541749|2021-09-10,hCoV-19/USA/CA-CDC-FG-101757/2021,EPI_ISL_4022894,GK,AY.1,9.0,11.0,North America / USA / California,2021-08-25,2021-09-08,"Dakota Howard,Dhwani Batra,Peter Cook,Kara Moser,Adrian Paskey,Jason Caravas,Benjamin Rambo-Martin,Shatavia Morrison,Christopher Gulvick,Scott Sammons,Yvette Unoarumhi,Darlene Wagner,Matthew Schmerer,Harry Gao,Mickey Li,John Gao,Joseph Fierro,Benafsh Sapra,Becky Tsai,Yan Meng,Doreen Ng,James Xie,Clinton Paden,Duncan MacCannell",Fulgent Genetics,"Centers for Disease Control and Prevention   Division of Viral Diseases, Pathogen Discovery"
UPLOAD|hCoV-19/USA/FL-CDC-IBX759184801445/2021|EPI_ISL_4541749|2021-09-10,hCoV-19/USA/CA-CDC-FG-095667/2021,EPI_ISL_4022315,GK,AY.1,9.0,11.0,North America / USA / California,2021-08-20,2021-09-08,"Dakota Howard,Dhwani Batra,Peter Cook,Kara Moser,Adrian Paskey,Jason Caravas,Benjamin Rambo-Martin,Shatavia Morrison,Christopher Gulvick,Scott Sammons,Yvette Unoarumhi,Darlene Wagner,Matthew Schmerer,Harry Gao,Mickey Li,John Gao,Joseph Fierro,Benafsh Sapra,Becky Tsai,Yan Meng,Doreen Ng,James Xie,Clinton Paden,Duncan MacCannell",Fulgent Genetics,"Centers for Disease Control and Prevention   Division of Viral Diseases, Pathogen Discovery"
UPLOAD|hCoV-19/USA/FL-CDC-IBX759184801445/2021|EPI_ISL_4541749|2021-09-10,hCoV-19/USA/CA-CDC-FG-102890/2021,EPI_ISL_4027308,GK,AY.1,9.0,11.0,North America / USA / California,2021-08-25,2021-09-08,"Dakota Howard,Dhwani Batra,Peter Cook,Kara Moser,Adrian Paskey,Jason Caravas,Benjamin Rambo-Martin,Shatavia Morrison,Christopher Gulvick,Scott Sammons,Yvette Unoarumhi,Darlene Wagner,Matthew Schmerer,Harry Gao,Mickey Li,John Gao,Joseph Fierro,Benafsh Sapra,Becky Tsai,Yan Meng,Doreen Ng,James Xie,Clinton Paden,Duncan MacCannell",Fulgent Genetics,"Centers for Disease Control and Prevention   Division of Viral Diseases, Pathogen Discovery"
UPLOAD|hCoV-19/USA/FL-CDC-IBX759184801445/2021|EPI_ISL_4541749|2021-09-10,hCoV-19/USA/CA-CDC-FG-098931/2021,EPI_ISL_4166947,GK,AY.1,9.0,11.0,North America / USA / California,2021-08-23,2021-09-14,"Dakota Howard,Dhwani Batra,Peter Cook,Kara Moser,Adrian Paskey,Jason Caravas,Benjamin Rambo-Martin,Shatavia Morrison,Christopher Gulvick,Scott Sammons,Yvette Unoarumhi,Darlene Wagner,Matthew Schmerer,Harry Gao,Mickey Li,John Gao,Joseph Fierro,Benafsh Sapra,Becky Tsai,Yan Meng,Doreen Ng,James Xie,Clinton Paden,Duncan MacCannell",Fulgent Genetics,"Centers for Disease Control and Prevention   Division of Viral Diseases, Pathogen Discovery"
UPLOAD|hCoV-19/USA/FL-CDC-IBX759184801445/2021|EPI_ISL_4541749|2021-09-10,hCoV-19/USA/CA-CDC-ASC210247288/2021,EPI_ISL_3815902,GK,AY.1,9.0,11.0,North America / USA / California,2021-07-26,2021-08-31,"Dakota Howard,Dhwani Batra,Peter Cook,Kara Moser,Adrian Paskey,Jason Caravas,Benjamin Rambo-Martin,Shatavia Morrison,Christopher Gulvick,Scott Sammons,Yvette Unoarumhi,Darlene Wagner,Matthew Schmerer,Cyndi Clark,Patrick Campbell,Rob Case,Vikramsinha Ghorpade,Holly Houdeshell,Ola Kvalvaag,Dillon Nall,Ethan Sanders,Alec Vest,Shaun Westlund,Matthew Hardison,Clinton Paden,Duncan MacCannell",Aegis Sciences Corporation,"Centers for Disease Control and Prevention   Division of Viral Diseases, Pathogen Discovery"
UPLOAD|hCoV-19/USA/FL-CDC-IBX759184801445/2021|EPI_ISL_4541749|2021-09-10,hCoV-19/USA/CA-SC-255224/2021,EPI_ISL_3824740,GK,AY.1,9.0,11.0,North America / USA / California / Santa Clara County,2021-07-31,2021-08-31,Santa Clara County Public Health Department,Santa Clara Valley Medical Center,Santa Clara County Public Health Laboratory
UPLOAD|hCoV-19/USA/FL-CDC-IBX759184801445/2021|EPI_ISL_4541749|2021-09-10,hCoV-19/USA/CA-CDC-ASC210203226/2021,EPI_ISL_3847697,GK,AY.1,9.0,11.0,North America / USA / California,2021-07-30,2021-09-01,"Dakota Howard,Dhwani Batra,Peter Cook,Kara Moser,Adrian Paskey,Jason Caravas,Benjamin Rambo-Martin,Shatavia Morrison,Christopher Gulvick,Scott Sammons,Yvette Unoarumhi,Darlene Wagner,Matthew Schmerer,Cyndi Clark,Patrick Campbell,Rob Case,Vikramsinha Ghorpade,Holly Houdeshell,Ola Kvalvaag,Dillon Nall,Ethan Sanders,Alec Vest,Shaun Westlund,Matthew Hardison,Clinton Paden,Duncan MacCannell",Aegis Sciences Corporation,"Centers for Disease Control and Prevention   Division of Viral Diseases, Pathogen Discovery"
UPLOAD|hCoV-19/USA/FL-CDC-IBX759184801445/2021|EPI_ISL_4541749|2021-09-10,hCoV-19/USA/CA-Stanford-39_S26/2021,EPI_ISL_3916330,GK,AY.1,9.0,11.0,North America / USA / California,2021-07-21,2021-09-03,"Malaya K. Sahoo, Bernadette Troung, Selamawit Bihon, Becky Jiang, James Zehnder, and Benjamin A. Pinsky",Stanford Health Care,"Stanford University School of Medicine, Clinical Virology Laboratory"
UPLOAD|hCoV-19/USA/FL-CDC-IBX759184801445/2021|EPI_ISL_4541749|2021-09-10,hCoV-19/USA/CA-UCSF-JD1253/2021,EPI_ISL_3907752,GK,AY.1,9.0,11.0,North America / USA / California / San Francisco County,2021-08-14,2021-09-02,"Anthea Mitchell, Grace Wang, Jamin Liu, Jackie Martinez, Sabrina Mann, Matthias Hapte-Selassie, Sara Sunshine, Matthew Laurie, Genay Pilarowski, Amy Kistler, Manu Vanaerschot, Patrick Ayscue, Lucy Li, Eric Chow, IDseq Team, James Peng, Carina Marquez, Luis Rubio, Gabriel Chamie, Diane Jones, Jon Jacobo, Susana Rojas, Susy Rojas, Valerie Tulier-Laiwa, Douglas Black, Jackie Martinez, Maya Petersen, Diane Havlir, and Joseph DeRisi","DeRisi Lab, University of California, San Francisco","DeRisi Lab, University of California, San Francisco"
UPLOAD|hCoV-19/USA/FL-CDC-IBX759184801445/2021|EPI_ISL_4541749|2021-09-10,hCoV-19/USA/CA-UCSF-JD1298/2021,EPI_ISL_3907784,GK,AY.1,9.0,11.0,North America / USA / California / San Francisco County,2021-08-16,2021-09-02,"Anthea Mitchell, Grace Wang, Jamin Liu, Jackie Martinez, Sabrina Mann, Matthias Hapte-Selassie, Sara Sunshine, Matthew Laurie, Genay Pilarowski, Amy Kistler, Manu Vanaerschot, Patrick Ayscue, Lucy Li, Eric Chow, IDseq Team, James Peng, Carina Marquez, Luis Rubio, Gabriel Chamie, Diane Jones, Jon Jacobo, Susana Rojas, Susy Rojas, Valerie Tulier-Laiwa, Douglas Black, Jackie Martinez, Maya Petersen, Diane Havlir, and Joseph DeRisi","DeRisi Lab, University of California, San Francisco","DeRisi Lab, University of California, San Francisco"
UPLOAD|hCoV-19/USA/FL-CDC-IBX759184801445/2021|EPI_ISL_4541749|2021-09-10,hCoV-19/USA/WA-S11071/2021,EPI_ISL_4198795,GK,AY.1,9.0,12.0,North America / USA / Washington / Spokane County,2021-08-05,2021-09-15,"Deborah A. Nickerson, Chris D. Frazar, Jover Lee, Benjamin Pelle, Erica Ryke, Matthew Richardson, Amanda Adler, Elisabeth Brandstetter, Peter D. Han, Kairsten Fay, Misja Ilcisin, Kirsten Lacombe, Thomas R. Sibley, Melissa Truong, Caitlin R. Wolf, Romesh Gautom, Geoff Melly, Brian Hiatt, Philip Dykema, Scott Lindquist, Michael Boeckh, Janet A. Englund, Michael Famulare, Barry R. Lutz, Mark J. Rieder, Lea M. Starita, Matthew Thompson, Helen Y. Chu, Jay Shendure, Trevor Bedford",Incyte Diagnostics Spokane,Seattle Flu Study
UPLOAD|hCoV-19/USA/FL-CDC-IBX759184801445/2021|EPI_ISL_4541749|2021-09-10,hCoV-19/USA/CA-CDC-ASC210184912/2021,EPI_ISL_3862390,GK,AY.1,9.0,12.0,North America / USA / California,2021-08-05,2021-09-01,"Dakota Howard,Dhwani Batra,Peter Cook,Kara Moser,Adrian Paskey,Jason Caravas,Benjamin Rambo-Martin,Shatavia Morrison,Christopher Gulvick,Scott Sammons,Yvette Unoarumhi,Darlene Wagner,Matthew Schmerer,Cyndi Clark,Patrick Campbell,Rob Case,Vikramsinha Ghorpade,Holly Houdeshell,Ola Kvalvaag,Dillon Nall,Ethan Sanders,Alec Vest,Shaun Westlund,Matthew Hardison,Clinton Paden,Duncan MacCannell",Aegis Sciences Corporation,"Centers for Disease Control and Prevention   Division of Viral Diseases, Pathogen Discovery"
UPLOAD|hCoV-19/USA/FL-CDC-IBX759184801445/2021|EPI_ISL_4541749|2021-09-10,hCoV-19/USA/HI-H213662/2021,EPI_ISL_3933122,GK,AY.1,9.0,12.0,North America / USA / Hawaii / Honolulu County HI,2021-08-01,2021-09-03,"Pamela O'Brien, Drew Kuwazaki, Ayana Garnet, Daniel Strange, Razvan Sultana, Edward Desmond","State Laboratories Division, Hawaii State Department of Health","State Laboratories Division, Hawaii State Department of Health"
UPLOAD|hCoV-19/USA/FL-CDC-IBX759184801445/2021|EPI_ISL_4541749|2021-09-10,hCoV-19/USA/CA-CDC-ASC210273256/2021,EPI_ISL_3858145,GK,AY.1,9.0,12.0,North America / USA / California,2021-08-03,2021-09-01,"Dakota Howard,Dhwani Batra,Peter Cook,Kara Moser,Adrian Paskey,Jason Caravas,Benjamin Rambo-Martin,Shatavia Morrison,Christopher Gulvick,Scott Sammons,Yvette Unoarumhi,Darlene Wagner,Matthew Schmerer,Cyndi Clark,Patrick Campbell,Rob Case,Vikramsinha Ghorpade,Holly Houdeshell,Ola Kvalvaag,Dillon Nall,Ethan Sanders,Alec Vest,Shaun Westlund,Matthew Hardison,Clinton Paden,Duncan MacCannell",Aegis Sciences Corporation,"Centers for Disease Control and Prevention   Division of Viral Diseases, Pathogen Discovery"
UPLOAD|hCoV-19/USA/FL-CDC-IBX759184801445/2021|EPI_ISL_4541749|2021-09-10,hCoV-19/USA/CA-CDC-FG-101308/2021,EPI_ISL_4026812,GK,AY.1,9.0,12.0,North America / USA / California,2021-08-24,2021-09-08,"Dakota Howard,Dhwani Batra,Peter Cook,Kara Moser,Adrian Paskey,Jason Caravas,Benjamin Rambo-Martin,Shatavia Morrison,Christopher Gulvick,Scott Sammons,Yvette Unoarumhi,Darlene Wagner,Matthew Schmerer,Harry Gao,Mickey Li,John Gao,Joseph Fierro,Benafsh Sapra,Becky Tsai,Yan Meng,Doreen Ng,James Xie,Clinton Paden,Duncan MacCannell",Fulgent Genetics,"Centers for Disease Control and Prevention   Division of Viral Diseases, Pathogen Discovery"
UPLOAD|hCoV-19/USA/FL-CDC-IBX759184801445/2021|EPI_ISL_4541749|2021-09-10,hCoV-19/USA/CA-OC-553/2021,EPI_ISL_3840918,GK,AY.1,9.0,12.0,North America / USA / California / Orange County,2021-08-15,2021-09-01,"Angelica Torres, Julia Wolfe",Orange County Public Health Laboratory,Orange County Public Health Laboratory
UPLOAD|hCoV-19/USA/FL-CDC-IBX759184801445/2021|EPI_ISL_4541749|2021-09-10,hCoV-19/USA/CA-CDC-FG-103994/2021,EPI_ISL_4027911,GK,AY.1,9.0,12.0,North America / USA / California,2021-08-26,2021-09-08,"Dakota Howard,Dhwani Batra,Peter Cook,Kara Moser,Adrian Paskey,Jason Caravas,Benjamin Rambo-Martin,Shatavia Morrison,Christopher Gulvick,Scott Sammons,Yvette Unoarumhi,Darlene Wagner,Matthew Schmerer,Harry Gao,Mickey Li,John Gao,Joseph Fierro,Benafsh Sapra,Becky Tsai,Yan Meng,Doreen Ng,James Xie,Clinton Paden,Duncan MacCannell",Fulgent Genetics,"Centers for Disease Control and Prevention   Division of Viral Diseases, Pathogen Discovery"
UPLOAD|hCoV-19/USA/FL-CDC-IBX759184801445/2021|EPI_ISL_4541749|2021-09-10,hCoV-19/USA/CA-CDC-FG-110011/2021,EPI_ISL_4182649,GK,AY.1,9.0,12.0,North America / USA / California,2021-08-31,2021-09-14,"Dakota Howard,Dhwani Batra,Peter Cook,Jason Caravas,Benjamin Rambo-Martin,Scott Sammons,Yvette Unoarumhi,Matthew Schmerer,Kristine Lacek,Tymeckia Kendall,Victoria Caban Figueroa,Shatavia Morrison,Christopher Gulvick,Erisa Sula,Harry Gao,Mickey Li,John Gao,Joseph Fierro,Benafsh Sapra,Becky Tsai,Yan Meng,Doreen Ng,James Xie,Clinton Paden,Duncan MacCannell",Fulgent Genetics,"Centers for Disease Control and Prevention   Division of Viral Diseases, Pathogen Discovery"
UPLOAD|hCoV-19/USA/FL-CDC-IBX759184801445/2021|EPI_ISL_4541749|2021-09-10,hCoV-19/USA/CA-CDC-FG-099475/2021,EPI_ISL_4023650,GK,AY.1,9.0,12.0,North America / USA / California,2021-08-23,2021-09-08,"Dakota Howard,Dhwani Batra,Peter Cook,Kara Moser,Adrian Paskey,Jason Caravas,Benjamin Rambo-Martin,Shatavia Morrison,Christopher Gulvick,Scott Sammons,Yvette Unoarumhi,Darlene Wagner,Matthew Schmerer,Harry Gao,Mickey Li,John Gao,Joseph Fierro,Benafsh Sapra,Becky Tsai,Yan Meng,Doreen Ng,James Xie,Clinton Paden,Duncan MacCannell",Fulgent Genetics,"Centers for Disease Control and Prevention   Division of Viral Diseases, Pathogen Discovery"
UPLOAD|hCoV-19/USA/FL-CDC-IBX759184801445/2021|EPI_ISL_4541749|2021-09-10,hCoV-19/USA/CT-CDCBI-CRSP_GTE7L2W6PUEJ3ALH/2021,EPI_ISL_3945566,GK,AY.1,9.0,12.0,North America / USA / Connecticut,2021-08-30,2021-09-05,"Siddle,K.J., Adams,G., Pearlman,L., Gladden-Young,A., Vicente,G., Blumenstiel,B., DeFelice,M., Lee,M., McGovern,S., Lagerborg,K., Rudy,M., DeRuff,K., Carter,A., Normandin,E., Bauer,M., Reilly,S., Tomkins-Tinch,C., Loreth,C., Chaluvadi,S., Meldrim,J., Granger,B., Lemieux,J.E., Birren,B.W., Sabeti,P.C., Larkin,K., Dodge,S., Lennon,N., Madoff,L., Brown,C., Gallagher,G., Smole,S., Park,D.J., Gabriel,S., and MacInnis,B.L.",Broad Institute Clinical Research Sequencing Platform,"Infectious Disease Program, Broad Institute of Harvard and MIT"
UPLOAD|hCoV-19/USA/FL-CDC-IBX759184801445/2021|EPI_ISL_4541749|2021-09-10,hCoV-19/USA/CA-UCSF-JD1312/2021,EPI_ISL_3907795,GK,AY.1,9.0,12.0,North America / USA / California / San Francisco County,2021-08-17,2021-09-02,"Anthea Mitchell, Grace Wang, Jamin Liu, Jackie Martinez, Sabrina Mann, Matthias Hapte-Selassie, Sara Sunshine, Matthew Laurie, Genay Pilarowski, Amy Kistler, Manu Vanaerschot, Patrick Ayscue, Lucy Li, Eric Chow, IDseq Team, James Peng, Carina Marquez, Luis Rubio, Gabriel Chamie, Diane Jones, Jon Jacobo, Susana Rojas, Susy Rojas, Valerie Tulier-Laiwa, Douglas Black, Jackie Martinez, Maya Petersen, Diane Havlir, and Joseph DeRisi","DeRisi Lab, University of California, San Francisco","DeRisi Lab, University of California, San Francisco"
UPLOAD|hCoV-19/USA/FL-CDC-IBX759184801445/2021|EPI_ISL_4541749|2021-09-10,hCoV-19/USA/CA-CDC-FG-109777/2021,EPI_ISL_4243829,GK,AY.1,9.0,13.0,North America / USA / California,2021-08-30,2021-09-16,"Dakota Howard,Dhwani Batra,Peter Cook,Jason Caravas,Benjamin Rambo-Martin,Scott Sammons,Yvette Unoarumhi,Matthew Schmerer,Kristine Lacek,Tymeckia Kendall,Victoria Caban Figueroa,Shatavia Morrison,Christopher Gulvick,Erisa Sula,Harry Gao,Mickey Li,John Gao,Joseph Fierro,Benafsh Sapra,Becky Tsai,Yan Meng,Doreen Ng,James Xie,Clinton Paden,Duncan MacCannell",Fulgent Genetics,"Centers for Disease Control and Prevention   Division of Viral Diseases, Pathogen Discovery"
UPLOAD|hCoV-19/USA/FL-CDC-IBX759184801445/2021|EPI_ISL_4541749|2021-09-10,hCoV-19/USA/CA-SDCPHL-81721290/2021,EPI_ISL_3723345,GK,AY.1,9.0,13.0,North America / USA / California / San Diego County,2021-08-05,2021-08-27,"Ashleigh Murphy Schafer, Brett Austin",San Diego County Public Health Laboratory,San Diego County Public Health Laboratory
UPLOAD|hCoV-19/USA/FL-CDC-IBX759184801445/2021|EPI_ISL_4541749|2021-09-10,hCoV-19/USA/WA-CDC-LC0231659/2021,EPI_ISL_4180048,GK,AY.1,9.0,13.0,North America / USA / Washington,2021-08-16,2021-09-14,"Dakota Howard,Dhwani Batra,Peter Cook,Kara Moser,Adrian Paskey,Jason Caravas,Benjamin Rambo-Martin,Shatavia Morrison,Christopher Gulvick,Scott Sammons,Yvette Unoarumhi,Darlene Wagner,Matthew Schmerer,Minoo Agarwal,Eyad Almasri,Debbie Boles,Ayla Burns,Nuthawin Charoensri,Oren Cohen,Susan Countryman,Mary Cristobal,Bobbi Croy,Suzanne Dale,Hrushikesh Deshmukh,Amanda Douglas,Vincent Drouillon,Marcia Eisenberg,Howard Engler,Rama Ghatti,Prashant Gupta,Susan Hicks,Jake Humphrey,Lax Iyer,Lisa Pfefferle,Manoj Jain,Matthew Robinson,Mohan Kolli,Brian Krueger,Tim Kuphal,Stanley Letovsky,Michael Levandoski,Craig Lukasik,Jonathan Meltzer,Brian Norvell,Mindy Nye,Scott Parker,Christos Petropoulos,John Pruitt,Steven Ragan,Scott Ryan,Mike Sapeta,Jana Schroth,Suresh Selvaraju,Goran Stevovic,Amanda Suchanek,Andrea Throop,Lyndon Tilson,Thomas Urban,Joe Voshell,Kimberly Wagner,Jonathan Williams,Mary Williamson,Qian Zeng,Tricia Zwiefelhofer,Clinton Paden,Duncan MacCannell",Laboratory Corporation of America,"Centers for Disease Control and Prevention   Division of Viral Diseases, Pathogen Discovery"
UPLOAD|hCoV-19/USA/FL-CDC-IBX759184801445/2021|EPI_ISL_4541749|2021-09-10,hCoV-19/USA/TX-CDC-ASC210239258/2021,EPI_ISL_3855456,GK,AY.1,9.0,13.0,North America / USA / Texas,2021-08-02,2021-09-01,"Dakota Howard,Dhwani Batra,Peter Cook,Kara Moser,Adrian Paskey,Jason Caravas,Benjamin Rambo-Martin,Shatavia Morrison,Christopher Gulvick,Scott Sammons,Yvette Unoarumhi,Darlene Wagner,Matthew Schmerer,Cyndi Clark,Patrick Campbell,Rob Case,Vikramsinha Ghorpade,Holly Houdeshell,Ola Kvalvaag,Dillon Nall,Ethan Sanders,Alec Vest,Shaun Westlund,Matthew Hardison,Clinton Paden,Duncan MacCannell",Aegis Sciences Corporation,"Centers for Disease Control and Prevention   Division of Viral Diseases, Pathogen Discovery"
UPLOAD|hCoV-19/USA/FL-CDC-IBX759184801445/2021|EPI_ISL_4541749|2021-09-10,hCoV-19/USA/CA-CDC-ASC210233115/2021,EPI_ISL_3846062,GK,AY.1,9.0,13.0,North America / USA / California,2021-07-28,2021-09-01,"Dakota Howard,Dhwani Batra,Peter Cook,Kara Moser,Adrian Paskey,Jason Caravas,Benjamin Rambo-Martin,Shatavia Morrison,Christopher Gulvick,Scott Sammons,Yvette Unoarumhi,Darlene Wagner,Matthew Schmerer,Cyndi Clark,Patrick Campbell,Rob Case,Vikramsinha Ghorpade,Holly Houdeshell,Ola Kvalvaag,Dillon Nall,Ethan Sanders,Alec Vest,Shaun Westlund,Matthew Hardison,Clinton Paden,Duncan MacCannell",Aegis Sciences Corporation,"Centers for Disease Control and Prevention   Division of Viral Diseases, Pathogen Discovery"
UPLOAD|hCoV-19/USA/FL-CDC-IBX759184801445/2021|EPI_ISL_4541749|2021-09-10,hCoV-19/USA/NY-CDC-FG-086031/2021,EPI_ISL_3865672,GK,AY.1,9.0,13.0,North America / USA / New York,2021-08-10,2021-09-01,"Dakota Howard,Dhwani Batra,Peter Cook,Kara Moser,Adrian Paskey,Jason Caravas,Benjamin Rambo-Martin,Shatavia Morrison,Christopher Gulvick,Scott Sammons,Yvette Unoarumhi,Darlene Wagner,Matthew Schmerer,Harry Gao,Mickey Li,John Gao,Joseph Fierro,Benafsh Sapra,Becky Tsai,Yan Meng,Doreen Ng,James Xie,Clinton Paden,Duncan MacCannell",Fulgent Genetics,"Centers for Disease Control and Prevention   Division of Viral Diseases, Pathogen Discovery"
UPLOAD|hCoV-19/USA/FL-CDC-IBX759184801445/2021|EPI_ISL_4541749|2021-09-10,hCoV-19/USA/CA-CDC-FG-089661/2021,EPI_ISL_4018605,GK,AY.1,9.0,13.0,North America / USA / California,2021-08-18,2021-09-08,"Dakota Howard,Dhwani Batra,Peter Cook,Kara Moser,Adrian Paskey,Jason Caravas,Benjamin Rambo-Martin,Shatavia Morrison,Christopher Gulvick,Scott Sammons,Yvette Unoarumhi,Darlene Wagner,Matthew Schmerer,Harry Gao,Mickey Li,John Gao,Joseph Fierro,Benafsh Sapra,Becky Tsai,Yan Meng,Doreen Ng,James Xie,Clinton Paden,Duncan MacCannell",Fulgent Genetics,"Centers for Disease Control and Prevention   Division of Viral Diseases, Pathogen Discovery"
UPLOAD|hCoV-19/USA/FL-CDC-IBX759184801445/2021|EPI_ISL_4541749|2021-09-10,hCoV-19/USA/NY-CDC-FG-085813/2021,EPI_ISL_3865427,GK,AY.1,9.0,13.0,North America / USA / New York,2021-08-11,2021-09-01,"Dakota Howard,Dhwani Batra,Peter Cook,Kara Moser,Adrian Paskey,Jason Caravas,Benjamin Rambo-Martin,Shatavia Morrison,Christopher Gulvick,Scott Sammons,Yvette Unoarumhi,Darlene Wagner,Matthew Schmerer,Harry Gao,Mickey Li,John Gao,Joseph Fierro,Benafsh Sapra,Becky Tsai,Yan Meng,Doreen Ng,James Xie,Clinton Paden,Duncan MacCannell",Fulgent Genetics,"Centers for Disease Control and Prevention   Division of Viral Diseases, Pathogen Discovery"
UPLOAD|hCoV-19/USA/FL-CDC-IBX759184801445/2021|EPI_ISL_4541749|2021-09-10,hCoV-19/USA/CA-CDC-FG-089983/2021,EPI_ISL_4033586,GK,AY.1,9.0,13.0,North America / USA / California,2021-08-18,2021-09-08,"Dakota Howard,Dhwani Batra,Peter Cook,Kara Moser,Adrian Paskey,Jason Caravas,Benjamin Rambo-Martin,Shatavia Morrison,Christopher Gulvick,Scott Sammons,Yvette Unoarumhi,Darlene Wagner,Matthew Schmerer,Harry Gao,Mickey Li,John Gao,Joseph Fierro,Benafsh Sapra,Becky Tsai,Yan Meng,Doreen Ng,James Xie,Clinton Paden,Duncan MacCannell",Fulgent Genetics,"Centers for Disease Control and Prevention   Division of Viral Diseases, Pathogen Discovery"
UPLOAD|hCoV-19/USA/FL-CDC-IBX759184801445/2021|EPI_ISL_4541749|2021-09-10,hCoV-19/USA/CA-CDC-ASC210208610/2021,EPI_ISL_3822811,GK,B.1.617.2,9.0,13.0,North America / USA / California,2021-07-31,2021-08-31,"Dakota Howard,Dhwani Batra,Peter Cook,Kara Moser,Adrian Paskey,Jason Caravas,Benjamin Rambo-Martin,Shatavia Morrison,Christopher Gulvick,Scott Sammons,Yvette Unoarumhi,Darlene Wagner,Matthew Schmerer,Cyndi Clark,Patrick Campbell,Rob Case,Vikramsinha Ghorpade,Holly Houdeshell,Ola Kvalvaag,Dillon Nall,Ethan Sanders,Alec Vest,Shaun Westlund,Matthew Hardison,Clinton Paden,Duncan MacCannell",Aegis Sciences Corporation,"Centers for Disease Control and Prevention   Division of Viral Diseases, Pathogen Discovery"
UPLOAD|hCoV-19/USA/FL-CDC-IBX759184801445/2021|EPI_ISL_4541749|2021-09-10,hCoV-19/USA/MA-CDC-ASC210272662/2021,EPI_ISL_3857306,GK,AY.1,9.0,13.0,North America / USA / Massachusetts,2021-08-03,2021-09-01,"Dakota Howard,Dhwani Batra,Peter Cook,Kara Moser,Adrian Paskey,Jason Caravas,Benjamin Rambo-Martin,Shatavia Morrison,Christopher Gulvick,Scott Sammons,Yvette Unoarumhi,Darlene Wagner,Matthew Schmerer,Cyndi Clark,Patrick Campbell,Rob Case,Vikramsinha Ghorpade,Holly Houdeshell,Ola Kvalvaag,Dillon Nall,Ethan Sanders,Alec Vest,Shaun Westlund,Matthew Hardison,Clinton Paden,Duncan MacCannell",Aegis Sciences Corporation,"Centers for Disease Control and Prevention   Division of Viral Diseases, Pathogen Discovery"
UPLOAD|hCoV-19/USA/FL-CDC-IBX759184801445/2021|EPI_ISL_4541749|2021-09-10,hCoV-19/Iceland/9633/2021,EPI_ISL_3928596,GK,AY.1,9.0,13.0,Europe / Iceland / Reykjavik,2021-08-12,2021-09-03,Daniel F Gudbjartsson; Agnar Helgason; Hakon Jonsson;  Olafur T Magnusson; Pall Melsted; Gudmundur L Norddahl; Jona Saemundsdottir; Asgeir Sigurdsson; Patrick Sulem; Arna B Agustsdottir; Hannes Eggertsson; Berglind Eiriksdottir; Run Fridriksdottir; Elisabet E Gardarsdottir; Gudmundur Georgsson; Olafia S  Gretarsdottir; Kjartan R Gudmundsson; Thora R Gunnarsdottir; Arnaldur Gylfason; Hilma Holm; Brynjar O Jensson; Aslaug Jonasdottir; Kamilla S Josefsdottir; Thordur Kristjansson; Droplaug N Magnusdottir; Kristjan E Hjorleifsson; Solvi Rognvaldsson; Louise le Roux; Gudrun Sigmundsdottir; Gardar Sveinbjornsson; Kristin E  Sveinsdottir; Maney Sveinsdottir; Emil A Thorarensen; Bjarni Thorbjornsson; Gisli Masson; Ingileif Jonsdottir; Alma Moller; Thorolfur Gudnason; Karl G Kristinsson; Unnur Thorsteinsdottir; Kari Stefansson,The National University Hospital of Iceland,deCODE genetics
UPLOAD|hCoV-19/USA/FL-CDC-IBX759184801445/2021|EPI_ISL_4541749|2021-09-10,hCoV-19/USA/CA-Stanford-39_S01/2021,EPI_ISL_3916308,GK,AY.1,9.0,13.0,North America / USA / California,2021-07-21,2021-09-03,"Bernadette Troung, Selamawit Bihon, Becky Jiang, Malaya K. Sahoo, James Zehnder, and Benjamin A. Pinsky",Stanford Health Care,"Stanford University School of Medicine, Clinical Virology Laboratory"
UPLOAD|hCoV-19/USA/FL-CDC-IBX759184801445/2021|EPI_ISL_4541749|2021-09-10,hCoV-19/USA/CA-CDC-FG-112314/2021,EPI_ISL_4243342,GK,AY.1,9.0,13.0,North America / USA / California,2021-09-02,2021-09-16,"Dakota Howard,Dhwani Batra,Peter Cook,Jason Caravas,Benjamin Rambo-Martin,Scott Sammons,Yvette Unoarumhi,Matthew Schmerer,Kristine Lacek,Tymeckia Kendall,Victoria Caban Figueroa,Shatavia Morrison,Christopher Gulvick,Erisa Sula,Harry Gao,Mickey Li,John Gao,Joseph Fierro,Benafsh Sapra,Becky Tsai,Yan Meng,Doreen Ng,James Xie,Clinton Paden,Duncan MacCannell",Fulgent Genetics,"Centers for Disease Control and Prevention   Division of Viral Diseases, Pathogen Discovery"
UPLOAD|hCoV-19/USA/FL-CDC-IBX759184801445/2021|EPI_ISL_4541749|2021-09-10,hCoV-19/USA/CA-CDC-LC0214048/2021,EPI_ISL_4165984,GK,AY.1,9.0,13.0,North America / USA / California,2021-08-13,2021-09-14,"Dakota Howard,Dhwani Batra,Peter Cook,Kara Moser,Adrian Paskey,Jason Caravas,Benjamin Rambo-Martin,Shatavia Morrison,Christopher Gulvick,Scott Sammons,Yvette Unoarumhi,Darlene Wagner,Matthew Schmerer,Minoo Agarwal,Eyad Almasri,Debbie Boles,Ayla Burns,Nuthawin Charoensri,Oren Cohen,Susan Countryman,Mary Cristobal,Bobbi Croy,Suzanne Dale,Hrushikesh Deshmukh,Amanda Douglas,Vincent Drouillon,Marcia Eisenberg,Howard Engler,Rama Ghatti,Prashant Gupta,Susan Hicks,Jake Humphrey,Lax Iyer,Lisa Pfefferle,Manoj Jain,Matthew Robinson,Mohan Kolli,Brian Krueger,Tim Kuphal,Stanley Letovsky,Michael Levandoski,Craig Lukasik,Jonathan Meltzer,Brian Norvell,Mindy Nye,Scott Parker,Christos Petropoulos,John Pruitt,Steven Ragan,Scott Ryan,Mike Sapeta,Jana Schroth,Suresh Selvaraju,Goran Stevovic,Amanda Suchanek,Andrea Throop,Lyndon Tilson,Thomas Urban,Joe Voshell,Kimberly Wagner,Jonathan Williams,Mary Williamson,Qian Zeng,Tricia Zwiefelhofer,Clinton Paden,Duncan MacCannell",Laboratory Corporation of America,"Centers for Disease Control and Prevention   Division of Viral Diseases, Pathogen Discovery"
UPLOAD|hCoV-19/USA/FL-CDC-IBX759184801445/2021|EPI_ISL_4541749|2021-09-10,hCoV-19/USA/CA-CDC-LC0220619/2021,EPI_ISL_4237983,GK,AY.1,9.0,13.0,North America / USA / California,2021-08-10,2021-09-16,"Dakota Howard,Dhwani Batra,Peter Cook,Jason Caravas,Benjamin Rambo-Martin,Scott Sammons,Yvette Unoarumhi,Matthew Schmerer,Kristine Lacek,Tymeckia Kendall,Victoria Caban Figueroa,Shatavia Morrison,Christopher Gulvick,Minoo Agarwal,Eyad Almasri,Debbie Boles,Ayla Burns,Nuthawin Charoensri,Oren Cohen,Susan Countryman,Mary Cristobal,Bobbi Croy,Suzanne Dale,Hrushikesh Deshmukh,Amanda Douglas,Vincent Drouillon,Marcia Eisenberg,Howard Engler,Rama Ghatti,Prashant Gupta,Susan Hicks,Jake Humphrey,Lax Iyer,Lisa Pfefferle,Manoj Jain,Matthew Robinson,Mohan Kolli,Brian Krueger,Tim Kuphal,Stanley Letovsky,Michael Levandoski,Craig Lukasik,Jonathan Meltzer,Brian Norvell,Mindy Nye,Scott Parker,Christos Petropoulos,John Pruitt,Steven Ragan,Scott Ryan,Mike Sapeta,Jana Schroth,Suresh Selvaraju,Goran Stevovic,Amanda Suchanek,Andrea Throop,Lyndon Tilson,Thomas Urban,Joe Voshell,Kimberly Wagner,Jonathan Williams,Mary Williamson,Qian Zeng,Tricia Zwiefelhofer,Clinton Paden,Duncan MacCannell",Laboratory Corporation of America,"Centers for Disease Control and Prevention   Division of Viral Diseases, Pathogen Discovery"
UPLOAD|hCoV-19/USA/FL-CDC-IBX759184801445/2021|EPI_ISL_4541749|2021-09-10,hCoV-19/USA/CA-CDC-LC0223852/2021,EPI_ISL_4242357,GK,AY.1,9.0,13.0,North America / USA / California,2021-08-16,2021-09-16,"Dakota Howard,Dhwani Batra,Peter Cook,Jason Caravas,Benjamin Rambo-Martin,Scott Sammons,Yvette Unoarumhi,Matthew Schmerer,Kristine Lacek,Tymeckia Kendall,Victoria Caban Figueroa,Shatavia Morrison,Christopher Gulvick,Minoo Agarwal,Eyad Almasri,Debbie Boles,Ayla Burns,Nuthawin Charoensri,Oren Cohen,Susan Countryman,Mary Cristobal,Bobbi Croy,Suzanne Dale,Hrushikesh Deshmukh,Amanda Douglas,Vincent Drouillon,Marcia Eisenberg,Howard Engler,Rama Ghatti,Prashant Gupta,Susan Hicks,Jake Humphrey,Lax Iyer,Lisa Pfefferle,Manoj Jain,Matthew Robinson,Mohan Kolli,Brian Krueger,Tim Kuphal,Stanley Letovsky,Michael Levandoski,Craig Lukasik,Jonathan Meltzer,Brian Norvell,Mindy Nye,Scott Parker,Christos Petropoulos,John Pruitt,Steven Ragan,Scott Ryan,Mike Sapeta,Jana Schroth,Suresh Selvaraju,Goran Stevovic,Amanda Suchanek,Andrea Throop,Lyndon Tilson,Thomas Urban,Joe Voshell,Kimberly Wagner,Jonathan Williams,Mary Williamson,Qian Zeng,Tricia Zwiefelhofer,Clinton Paden,Duncan MacCannell",Laboratory Corporation of America,"Centers for Disease Control and Prevention   Division of Viral Diseases, Pathogen Discovery"
